item,year
318,1994.0
2571,1999.0
2959,1999.0
296,1994.0
356,1994.0
4993,2001.0
7153,2003.0
5952,2002.0
593,1991.0
2858,1999.0
4226,2000.0
58559,2008.0
260,1977.0
50,1995.0
858,1972.0
1198,1981.0
1196,1980.0
527,1993.0
2762,1999.0
7361,2004.0
47,1995.0
4306,2001.0
33794,2005.0
4973,2001.0
1270,1985.0
3578,2000.0
1210,1983.0
6539,2003.0
110,1995.0
2329,1998.0
1,1995.0
6377,2003.0
2028,1998.0
1136,1975.0
8961,2004.0
6874,2003.0
480,1993.0
589,1991.0
32,1995.0
1193,1975.0
4963,2001.0
4886,2001.0
48516,2006.0
4995,2001.0
1089,1992.0
1291,1989.0
1704,1997.0
7438,2004.0
79132,2010.0
4878,2001.0
32587,2005.0
608,1996.0
1197,1987.0
1221,1974.0
44191,2006.0
1214,1979.0
5445,2002.0
541,1982.0
1240,1984.0
1213,1990.0
1265,1993.0
1682,1998.0
1036,1988.0
5989,2002.0
364,1994.0
3793,2000.0
150,1995.0
1527,1997.0
6016,2002.0
5349,2002.0
60069,2008.0
293,1994.0
1258,1980.0
2997,1999.0
3996,2000.0
2502,1999.0
1206,1971.0
49272,2006.0
457,1993.0
59315,2008.0
2716,1984.0
1961,1988.0
46578,2006.0
48780,2006.0
48394,2006.0
1732,1998.0
778,1996.0
1222,1987.0
1200,1986.0
5618,2001.0
750,1964.0
1208,1979.0
2918,1986.0
54286,2007.0
8665,2004.0
1721,1997.0
3949,2000.0
1097,1982.0
6711,2003.0
588,1992.0
912,1942.0
4027,2000.0
56367,2007.0
55820,2007.0
8874,2004.0
2291,1990.0
8636,2004.0
592,1989.0
924,1968.0
111,1976.0
8368,2004.0
68157,2009.0
1080,1979.0
2115,1984.0
68954,2009.0
7147,2003.0
1617,1997.0
33493,2005.0
3114,1999.0
6333,2003.0
8360,2004.0
1246,1989.0
63082,2008.0
2542,1998.0
2324,1997.0
40815,2005.0
590,1990.0
6502,2002.0
72998,2009.0
4896,2001.0
48774,2006.0
648,1996.0
4022,2000.0
33166,2004.0
50872,2007.0
1073,1971.0
30749,2004.0
1968,1985.0
1653,1997.0
3897,2000.0
904,1954.0
1923,1998.0
5995,2002.0
1203,1957.0
30707,2004.0
2692,1998.0
1225,1984.0
1219,1960.0
35836,2005.0
377,1994.0
70286,2009.0
595,1991.0
68358,2009.0
919,1939.0
1784,1997.0
5816,2002.0
34405,2005.0
223,1994.0
1610,1990.0
1201,1966.0
1517,1997.0
165,1995.0
1259,1986.0
51255,2007.0
1387,1975.0
45722,2006.0
44195,2006.0
8784,2004.0
4034,2000.0
4262,1983.0
2791,1980.0
597,1990.0
5669,2002.0
69122,2009.0
551,1993.0
2706,1999.0
49530,2006.0
1220,1980.0
2174,1988.0
923,1941.0
2987,1988.0
64614,2008.0
6,1995.0
1148,1993.0
4979,2001.0
231,1994.0
3481,2000.0
2916,1990.0
40819,2005.0
2194,1987.0
27773,2003.0
44555,2006.0
1307,1989.0
3000,1997.0
54503,2007.0
2700,1999.0
2797,1988.0
1090,1986.0
48385,2006.0
16,1995.0
908,1959.0
6942,2003.0
47610,2006.0
46976,2006.0
1252,1974.0
2396,1998.0
367,1994.0
1207,1962.0
1584,1997.0
6870,2003.0
2355,1998.0
8464,2004.0
586,1990.0
6807,1983.0
74458,2010.0
1288,1984.0
31658,2004.0
2019,1954.0
81845,2010.0
8949,2004.0
903,1958.0
78499,2010.0
1247,1967.0
2000,1987.0
3527,1987.0
1234,1973.0
8798,2004.0
34162,2005.0
44199,2006.0
1079,1988.0
1393,1996.0
2268,1992.0
8970,2004.0
4720,2001.0
5902,2002.0
1954,1976.0
41566,2005.0
69757,2009.0
54001,2007.0
30793,2005.0
73017,2009.0
7090,2002.0
5010,2001.0
1266,1992.0
1199,1985.0
6378,2003.0
71535,2009.0
4848,2001.0
953,1946.0
745,1995.0
1262,1963.0
3751,2000.0
68237,2009.0
56782,2007.0
80463,2010.0
81591,2010.0
1278,1974.0
4308,2001.0
357,1994.0
1748,1998.0
508,1993.0
5971,1988.0
1997,1973.0
3081,1999.0
3408,2000.0
3160,1999.0
38061,2005.0
55765,2007.0
1230,1977.0
60684,2009.0
55247,2007.0
39183,2005.0
539,1993.0
76093,2010.0
587,1990.0
57669,2008.0
1729,1997.0
3471,1977.0
6863,2003.0
337,1993.0
1127,1989.0
91529,2012.0
4014,2000.0
1884,1998.0
1673,1997.0
8622,2004.0
1304,1969.0
5377,2002.0
3671,1974.0
4776,2001.0
54997,2007.0
4246,2001.0
1233,1981.0
34,1995.0
2395,1998.0
2321,1998.0
288,1994.0
76251,2010.0
41997,2005.0
1573,1997.0
3421,1978.0
3448,1987.0
2947,1964.0
33004,2005.0
2804,1983.0
2081,1989.0
1250,1957.0
1035,1965.0
52973,2007.0
33679,2005.0
54272,2007.0
555,1993.0
30812,2004.0
30810,2004.0
5679,2002.0
5464,2002.0
48738,2006.0
1466,1997.0
3911,2000.0
1263,1978.0
33660,2005.0
1333,1963.0
3535,2000.0
1204,1962.0
6953,2003.0
1380,1978.0
4370,2001.0
3253,1992.0
1921,1998.0
31410,2004.0
38038,2005.0
4085,1984.0
913,1941.0
2005,1985.0
3176,1999.0
1028,1964.0
54259,2007.0
39,1995.0
59784,2008.0
1500,1997.0
41569,2005.0
2712,1999.0
910,1959.0
1639,1997.0
53996,2007.0
64839,2008.0
2890,1999.0
1276,1967.0
4235,2000.0
34048,2005.0
69844,2009.0
3499,1990.0
1274,1988.0
1293,1982.0
1228,1980.0
53125,2007.0
1394,1987.0
3175,1999.0
88125,2011.0
1374,1982.0
5502,2002.0
64957,2008.0
1282,1940.0
7022,2000.0
1223,1989.0
69481,2008.0
1358,1996.0
2985,1987.0
2529,1968.0
1641,1997.0
5991,2002.0
2640,1978.0
37729,2005.0
31878,2004.0
594,1937.0
2278,1998.0
81834,2010.0
899,1952.0
2671,1999.0
2288,1982.0
920,1939.0
46723,2006.0
2710,1999.0
2076,1986.0
39292,2005.0
6947,2003.0
1242,1989.0
5956,2002.0
1408,1992.0
87232,2011.0
8641,2004.0
353,1994.0
2657,1975.0
3418,1991.0
7293,2004.0
7323,2003.0
741,1995.0
51540,2007.0
2761,1999.0
61323,2008.0
2161,1984.0
454,1993.0
82459,2010.0
77561,2010.0
3006,1999.0
45517,2006.0
79702,2010.0
6218,2002.0
914,1964.0
235,1994.0
37733,2005.0
72011,2009.0
8873,2004.0
8983,2004.0
8984,2004.0
3552,1980.0
6787,1976.0
29,1995.0
3967,2000.0
3362,1975.0
52281,2007.0
36517,2005.0
3703,1981.0
2023,1990.0
1172,1989.0
47099,2006.0
58998,2008.0
1407,1996.0
3039,1983.0
17,1995.0
1302,1989.0
37741,2005.0
1339,1992.0
902,1961.0
8958,2004.0
55118,2007.0
36,1995.0
2951,1964.0
6350,1986.0
2231,1998.0
7099,1984.0
2599,1999.0
1907,1998.0
25,1995.0
431,1993.0
40629,2005.0
2003,1984.0
3681,1965.0
66097,2009.0
1967,1986.0
1059,1996.0
41285,2005.0
1285,1989.0
61240,2008.0
5954,2002.0
1377,1992.0
3702,1979.0
2006,1998.0
1261,1987.0
2501,1999.0
1674,1985.0
4571,1989.0
1175,1991.0
1376,1986.0
1747,1997.0
8528,2004.0
2160,1968.0
1249,1990.0
4855,1971.0
53322,2007.0
3255,1992.0
56757,2007.0
2455,1986.0
2871,1972.0
21,1995.0
1212,1949.0
2080,1955.0
596,1940.0
7373,2004.0
2273,1998.0
3868,1988.0
1209,1968.0
2313,1980.0
441,1993.0
553,1993.0
1267,1962.0
1235,1971.0
3556,1999.0
3210,1982.0
67255,2009.0
2078,1967.0
7451,2004.0
1953,1971.0
922,1950.0
3386,1991.0
6708,2003.0
2908,1999.0
55290,2007.0
2105,1982.0
2406,1984.0
4361,1982.0
1032,1951.0
6979,1983.0
5291,1950.0
1287,1959.0
2248,1989.0
55276,2007.0
88129,2011.0
3105,1990.0
969,1951.0
1244,1979.0
53000,2007.0
27831,2004.0
8638,2004.0
2336,1998.0
5225,2001.0
4641,2001.0
2144,1984.0
5690,1988.0
72226,2009.0
1271,1991.0
2949,1962.0
1060,1996.0
1088,1987.0
55269,2007.0
5060,1970.0
1962,1989.0
1272,1970.0
1994,1982.0
509,1993.0
3300,2000.0
2420,1984.0
474,1993.0
1245,1990.0
8981,2004.0
2948,1963.0
27904,2006.0
2470,1986.0
2944,1967.0
1022,1950.0
968,1968.0
34072,2005.0
2150,1980.0
2294,1998.0
3363,1973.0
63876,2008.0
2427,1998.0
2467,1986.0
3174,1999.0
34437,2005.0
1345,1976.0
1092,1992.0
1183,1996.0
4002,1987.0
57368,2008.0
61132,2008.0
5617,2002.0
1663,1981.0
2054,1989.0
475,1993.0
2058,1998.0
26662,1989.0
628,1996.0
2085,1961.0
3435,1944.0
3148,1999.0
40583,2005.0
8914,2004.0
8807,2004.0
300,1994.0
1029,1941.0
3101,1987.0
5673,2002.0
6867,2003.0
2140,1982.0
215,1995.0
1947,1961.0
832,1996.0
81562,2010.0
2010,1927.0
6796,1991.0
5388,2002.0
91658,2011.0
45950,2006.0
55442,2007.0
50068,2006.0
48304,2006.0
2018,1942.0
3198,1973.0
81847,2010.0
1120,1996.0
916,1953.0
1960,1987.0
3462,1936.0
954,1939.0
48043,2006.0
7387,1978.0
109374,2014.0
2109,1979.0
52722,2007.0
1084,1967.0
89492,2011.0
1321,1981.0
3504,1976.0
3396,1979.0
2300,1968.0
3108,1991.0
86882,2011.0
81932,2010.0
6440,1991.0
1094,1992.0
6565,2003.0
2186,1951.0
6773,2003.0
2407,1985.0
2968,1981.0
5266,2002.0
3030,1961.0
1269,1944.0
45186,2006.0
2087,1953.0
53123,2006.0
5878,2002.0
80489,2010.0
4007,1987.0
5945,2002.0
3424,1989.0
7371,2003.0
52328,2007.0
53519,2007.0
497,1993.0
2728,1960.0
55052,2007.0
3755,2000.0
2795,1983.0
3683,1984.0
307,1993.0
1680,1998.0
5013,2001.0
1086,1954.0
2020,1988.0
4326,1988.0
2403,1982.0
54995,2007.0
3317,2000.0
1945,1954.0
44694,2006.0
6620,2003.0
1231,1983.0
898,1940.0
6957,2003.0
1253,1951.0
46530,2006.0
61024,2008.0
4327,1960.0
306,1994.0
64620,2008.0
86332,2011.0
3624,2000.0
2746,1986.0
3168,1969.0
440,1993.0
1952,1969.0
1104,1951.0
4881,2001.0
8228,1931.0
1347,1984.0
11,1995.0
7160,2003.0
5810,2002.0
1372,1991.0
1982,1978.0
47629,2006.0
1569,1997.0
2096,1959.0
89864,2011.0
8340,1979.0
2915,1983.0
60040,2008.0
7156,2003.0
1227,1984.0
661,1996.0
3083,1999.0
7482,1973.0
48082,2006.0
2145,1986.0
784,1996.0
1281,1940.0
1357,1996.0
3361,1988.0
6283,2001.0
5444,2002.0
1449,1996.0
56788,2007.0
33162,2005.0
2359,1998.0
3735,1973.0
44761,2005.0
2686,1998.0
345,1994.0
785,1996.0
529,1993.0
88140,2011.0
5992,2002.0
74789,2010.0
342,1994.0
909,1960.0
1129,1981.0
1464,1997.0
1103,1955.0
1284,1946.0
53894,2007.0
55280,2007.0
1260,1931.0
1237,1957.0
58,1994.0
1095,1992.0
3910,2000.0
3034,1973.0
410,1993.0
67087,2009.0
1217,1985.0
1957,1981.0
88163,2011.0
8645,2004.0
6385,2002.0
1178,1957.0
319,1994.0
56152,2007.0
4873,2001.0
3360,1986.0
616,1970.0
38886,2005.0
1299,1984.0
1186,1989.0
26776,1992.0
3468,1961.0
531,1993.0
3730,1974.0
3328,1999.0
7162,2003.0
261,1994.0
2739,1985.0
7981,2002.0
2366,1933.0
58295,2008.0
3246,1992.0
1350,1976.0
5015,2001.0
3809,1991.0
3100,1992.0
6331,2002.0
57640,2008.0
1292,1979.0
2064,1989.0
27721,2004.0
44022,2006.0
838,1996.0
5254,2002.0
7256,2003.0
91630,2011.0
60072,2008.0
915,1954.0
926,1950.0
428,1993.0
60950,2008.0
3098,1984.0
247,1994.0
101,1996.0
77455,2010.0
2100,1984.0
2139,1982.0
1254,1948.0
3089,1948.0
1185,1989.0
2067,1965.0
1256,1933.0
2594,1997.0
2371,1985.0
930,1946.0
53953,2007.0
2398,1947.0
4103,1987.0
56339,2007.0
2872,1981.0
34542,2005.0
2318,1998.0
1635,1997.0
2641,1980.0
1912,1998.0
55814,2007.0
3072,1987.0
1805,1998.0
515,1993.0
928,1940.0
1077,1973.0
1955,1979.0
1411,1996.0
1188,1992.0
6662,1963.0
46970,2006.0
4499,1988.0
911,1963.0
6993,1986.0
45431,2006.0
308,1994.0
3267,1992.0
714,1995.0
8014,2003.0
5049,1982.0
1283,1952.0
55363,2007.0
2391,1998.0
3984,1971.0
6003,2002.0
933,1955.0
52604,2007.0
175,1995.0
81564,2010.0
64575,2008.0
4144,2000.0
45210,2006.0
2137,1973.0
3869,1991.0
3508,1976.0
2731,1959.0
84954,2011.0
54881,2007.0
90866,2011.0
1348,1922.0
27803,2004.0
6242,1998.0
1296,1986.0
6618,2001.0
87306,2011.0
1248,1958.0
4857,1971.0
246,1994.0
2176,1948.0
2687,1999.0
3307,1931.0
2729,1962.0
27846,2003.0
2134,1985.0
65261,2008.0
3635,1977.0
52435,1966.0
7139,2002.0
7569,1967.0
71899,2009.0
3271,1992.0
1125,1975.0
81229,2010.0
562,1995.0
63859,2008.0
3608,1985.0
40732,2005.0
2289,1992.0
837,1996.0
8966,2004.0
3060,1991.0
48696,2006.0
3498,1978.0
4467,1988.0
151,1995.0
43396,2005.0
2993,1965.0
2819,1975.0
3551,1976.0
6552,2002.0
3263,1992.0
2966,1999.0
955,1938.0
1019,1954.0
2857,1968.0
8207,1973.0
1241,1992.0
3088,1950.0
2083,1992.0
905,1934.0
8370,2003.0
52885,2006.0
8973,2004.0
33154,2005.0
71033,2009.0
105,1995.0
5147,1957.0
2360,1998.0
60766,2008.0
2352,1983.0
2770,1999.0
63072,2009.0
27821,2005.0
3654,1961.0
1251,1963.0
2117,1984.0
965,1935.0
1950,1967.0
8781,2004.0
7158,2003.0
3676,1977.0
80906,2010.0
52952,2006.0
2730,1975.0
6296,2003.0
1965,1984.0
47999,2006.0
951,1940.0
1959,1985.0
4008,1989.0
67734,2009.0
708,1996.0
26131,1966.0
6774,1983.0
265,1992.0
7034,1998.0
3503,1972.0
4967,2001.0
3104,1988.0
5446,2002.0
5294,2001.0
3429,1989.0
53956,2007.0
198,1995.0
89904,2011.0
2973,1989.0
2141,1986.0
2565,1956.0
43936,2006.0
69,1995.0
54736,2007.0
49961,2006.0
2662,1953.0
1232,1979.0
30822,2004.0
7013,1955.0
3741,1973.0
58303,2007.0
5008,1957.0
3507,1968.0
51080,2007.0
71057,2009.0
5500,1984.0
97,1995.0
2726,1956.0
78574,2010.0
4914,1960.0
8042,1973.0
3265,1992.0
162,1994.0
7132,1935.0
58047,2008.0
8623,1987.0
33880,2005.0
32031,2005.0
1344,1962.0
60756,2008.0
74545,2010.0
49822,2006.0
3629,1925.0
30803,2004.0
940,1938.0
866,1996.0
6380,2003.0
1211,1987.0
56171,2007.0
2108,1991.0
27801,2003.0
69526,2009.0
59501,2008.0
55267,2007.0
71464,2009.0
73344,2009.0
1147,1996.0
6890,2003.0
27266,2004.0
1243,1990.0
4642,2000.0
262,1995.0
42632,2005.0
7076,1968.0
852,1996.0
2664,1956.0
5541,1991.0
6987,1920
7063,1972.0
8154,1960.0
27317,1999.0
1273,1986.0
61236,2008.0
39381,2005.0
42004,2005.0
5135,2001.0
6297,2003.0
3882,2000.0
3022,1926.0
3196,1953.0
3095,1940.0
1218,1989.0
950,1934.0
48783,2006.0
7419,1985.0
4041,1982.0
7327,1966.0
2989,1981.0
2114,1983.0
55805,2007.0
1958,1983.0
1013,1961.0
84944,2011.0
5881,2002.0
57274,2007.0
3526,1989.0
5747,1981.0
90746,2011.0
1301,1956.0
599,1969.0
1385,1992.0
7386,1956.0
7044,1990.0
5577,2002.0
2841,1999.0
290,1994.0
33903,2004.0
4033,2000.0
4406,1962.0
2843,1998.0
1280,1991.0
3844,1989.0
27728,2004.0
53550,2006.0
6001,1983.0
1354,1996.0
3019,1989.0
1303,1975.0
6669,1952.0
123,1994.0
3959,1960.0
26729,1991.0
49274,2006.0
84392,2011.0
52975,2007.0
1589,1997.0
7460,2003.0
232,1994.0
2648,1931.0
4754,1973.0
47423,2006.0
26242,1971.0
87869,2011.0
59018,2007.0
2863,1964.0
535,1993.0
67997,2009.0
3359,1979.0
34153,2005.0
2183,1956.0
194,1995.0
55444,2007.0
2579,1998.0
1224,1989.0
89804,2011.0
3801,1959.0
1537,1996.0
34338,2005.0
1289,1983.0
56607,2007.0
7123,1991.0
2459,1974.0
71745,2009.0
69640,2009.0
1416,1996.0
7766,1957.0
1131,1986.0
3037,1970.0
64983,2008.0
4902,2001.0
3451,1967.0
1956,1980.0
2118,1983.0
78039,2010.0
6286,2002.0
1031,1971.0
41716,2005.0
8507,1932.0
31804,2004.0
44788,2006.0
45668,2006.0
50601,2007.0
3545,1972.0
3365,1956.0
7116,1955.0
65130,2008.0
4546,1988.0
3668,1968.0
62155,2008.0
6303,1971.0
3993,2000.0
7934,1983.0
1305,1984.0
2203,1943.0
7001,1978.0
6593,2003.0
3479,1985.0
8827,1983.0
4378,2000.0
8937,2004.0
49772,2006.0
30820,2004.0
2917,1981.0
1678,1993.0
4703,1988.0
45928,2006.0
2132,1966.0
27790,2004.0
52042,2006.0
7925,1958.0
38798,2005.0
2133,1987.0
86190,2011.0
1927,1930.0
50685,2007.0
2208,1938.0
68159,2009.0
72720,2009.0
3062,1962.0
934,1950.0
66665,2009.0
36276,2005.0
230,1995.0
3461,1963.0
1297,1985.0
89470,2011.0
2924,1978.0
37240,2005.0
6808,1968.0
2013,1972.0
2921,1973.0
55069,2007.0
5693,1977.0
3742,1925.0
647,1996.0
3706,1987.0
3469,1960.0
44709,2006.0
3334,1948.0
1096,1982.0
52241,2007.0
48322,2006.0
73023,2009.0
7980,1977.0
62511,2008.0
2474,1986.0
6291,2002.0
33834,2005.0
6305,1966.0
71282,2008.0
2677,1999.0
4427,1968.0
5508,2002.0
1124,1981.0
6954,2003.0
85774,2010.0
68952,2009.0
7265,2003.0
48982,2006.0
58299,2008.0
1179,1990.0
3633,1969.0
60,1995.0
2065,1985.0
3536,2000.0
1189,1988.0
3788,1966.0
35957,2005.0
348,1994.0
8337,1954.0
1279,1991.0
45880,2006.0
51709,2006.0
79242,2010.0
971,1958.0
2764,1968.0
2243,1987.0
2022,1988.0
4465,1988.0
800,1996.0
38304,2005.0
994,1996.0
3505,1987.0
272,1994.0
7027,1985.0
1078,1971.0
45,1995.0
1916,1998.0
52,1995.0
3983,2000.0
7064,1946.0
34271,2005.0
36527,2005.0
7234,1954.0
5267,2002.0
25788,1932.0
7137,2003.0
61729,2008.0
5120,1972.0
8253,1979.0
4322,1988.0
89753,2011.0
6724,1973.0
27878,2004.0
2245,1988.0
3152,1971.0
1711,1997.0
6639,1967.0
3814,1975.0
3917,1987.0
27727,2004.0
942,1944.0
67408,2009.0
65216,2008.0
1719,1997.0
2454,1958.0
41863,2006.0
1132,1986.0
8879,1974.0
65642,2007.0
69784,2009.0
55094,2007.0
3067,1988.0
3250,1993.0
6791,1987.0
8633,1984.0
1889,1997.0
1277,1990.0
8477,1962.0
7836,1970.0
6666,1972.0
5959,2002.0
1834,1997.0
1041,1996.0
6650,1949.0
54372,2006.0
72395,2009.0
4329,1959.0
46850,2006.0
2810,1997.0
2905,1962.0
7121,1949.0
4210,1986.0
7073,1964.0
4280,1982.0
2732,1961.0
43376,2005.0
2068,1982.0
2859,1984.0
66509,2009.0
6301,1971.0
26084,1962.0
3819,1985.0
42418,2005.0
3699,1984.0
6645,1971.0
7215,1944.0
71462,2009.0
2384,1998.0
34528,2005.0
46965,2006.0
8607,2003.0
4903,2001.0
7700,1953.0
7018,1990.0
3071,1988.0
3157,1999.0
86911,2011.0
1300,1985.0
60487,1966.0
1017,1960.0
74795,2010.0
1949,1966.0
7706,1930.0
44204,2005.0
8128,1987.0
4020,2000.0
3310,1921
493,1993.0
78209,2010.0
32598,2005.0
7587,1967.0
2333,1998.0
6852,1967.0
2357,1998.0
56333,2007.0
7091,1932.0
7560,1964.0
7566,1985.0
4519,1988.0
6932,2003.0
5505,2002.0
89759,2011.0
8951,2004.0
6985,1928.0
6617,2003.0
6777,1961.0
63853,2008.0
66371,2008.0
2926,1988.0
8542,1937.0
33639,2005.0
6881,2003.0
31364,2003.0
85342,2010.0
507,1993.0
25771,1929.0
3134,1937.0
71518,2009.0
3068,1982.0
26150,1969.0
1023,1968.0
6299,2001.0
33669,2005.0
5970,1991.0
154,1967.0
5812,2002.0
1202,1987.0
3091,1980.0
7084,1972.0
71211,2009.0
1295,1988.0
665,1995.0
8880,1985.0
68848,2008.0
1173,1989.0
6591,2002.0
1809,1997.0
1176,1991.0
3201,1970.0
6538,2003.0
39414,2005.0
3097,1940.0
5602,1955.0
538,1993.0
49824,2006.0
2644,1931.0
90439,2011.0
3075,1965.0
79185,2010.0
31923,1973.0
931,1945.0
3018,1985.0
1111,1996.0
6643,1953.0
8491,1949.0
7698,1979.0
55253,2007.0
77800,2010.0
4232,2001.0
5385,1978.0
5293,2002.0
39234,2005.0
2912,1999.0
4037,1987.0
52579,2007.0
2970,1982.0
5876,2002.0
7072,1939.0
2527,1973.0
4508,1988.0
3260,1992.0
5325,2001.0
6783,1939.0
900,1951.0
1701,1997.0
932,1957.0
4437,1977.0
412,1993.0
6721,1991.0
4298,1955.0
3398,1984.0
7926,1963.0
5364,2002.0
27912,2004.0
1012,1957.0
2932,1978.0
4047,1993.0
1883,1998.0
3543,1982.0
4036,2000.0
62376,2008.0
28,1995.0
3044,1991.0
492,1993.0
47894,2006.0
1939,1946.0
43921,2006.0
3397,1981.0
27838,2004.0
906,1944.0
8492,1951.0
59995,2007.0
45028,2006.0
56805,2007.0
3521,1989.0
249,1994.0
48744,2006.0
2747,1960.0
3266,1992.0
3203,1989.0
51834,2007.0
1611,1991.0
3077,1998.0
4741,2000.0
3470,1975.0
83132,2010.0
3925,1984.0
2952,1996.0
27873,2004.0
2066,1947.0
4356,1953.0
4225,2001.0
1810,1998.0
7982,2003.0
30898,2005.0
7023,1993.0
3035,1955.0
86898,2011.0
3783,1998.0
50851,2006.0
8656,1988.0
45666,2006.0
1944,1953.0
534,1993.0
532,1994.0
2750,1987.0
49910,2007.0
31660,2004.0
3384,1974.0
1361,1996.0
51471,2006.0
446,1993.0
44828,2006.0
3524,1981.0
1340,1935.0
4713,1980.0
7762,1979.0
61352,2008.0
3682,1973.0
381,1994.0
7045,1990.0
949,1955.0
7075,1956.0
4681,1989.0
3811,1980.0
5477,2001.0
4349,1970.0
5339,1992.0
58105,2008.0
1342,1992.0
6197,2002.0
90531,2011.0
7089,1973.0
58306,2007.0
27834,2003.0
1614,1997.0
36537,2005.0
6062,2002.0
4359,1955.0
4799,1963.0
1951,1968.0
7983,1984.0
53460,2007.0
1238,1983.0
52967,2006.0
2936,1941.0
4017,2000.0
2206,1941.0
3763,1986.0
3296,1967.0
56885,2007.0
5329,2002.0
51884,2006.0
5899,1964.0
64197,2008.0
1446,1996.0
5300,1957.0
9018,2004.0
7396,1973.0
947,1936.0
31437,2004.0
8589,1989.0
7619,1962.0
65188,2008.0
90600,2011.0
6530,1976.0
5105,1973.0
4846,1993.0
3546,1962.0
3871,1953.0
2696,1998.0
2935,1941.0
2551,1988.0
3494,1969.0
59118,2008.0
4928,1977.0
38499,2003.0
986,1996.0
67665,2008.0
25850,1938.0
1226,1952.0
2351,1957.0
8610,1984.0
7820,1960.0
2369,1985.0
31193,1977.0
6235,1990.0
3950,2000.0
26587,1989.0
40414,2005.0
26840,1993.0
7008,1972.0
59141,2007.0
6776,2001.0
5489,1979.0
79720,2010.0
68347,2009.0
4220,1974.0
322,1995.0
87304,2010.0
4380,2000.0
1931,1935.0
514,1994.0
5890,2001.0
945,1935.0
53468,2006.0
6986,1925.0
5139,1976.0
91094,2011.0
8125,1927.0
26082,1962.0
7767,2003.0
25750,1924.0
60943,2008.0
3726,1976.0
1081,1982.0
93838,2011.0
52767,1977.0
522,1992.0
5017,1953.0
50005,2006.0
25923,1946.0
33683,2003.0
6966,1990.0
27410,2001.0
5004,1968.0
31116,1941.0
4978,2001.0
25940,1947.0
2488,1960.0
5269,2001.0
8620,1962.0
50658,2005.0
2702,1999.0
31952,2003.0
8094,1955.0
1757,1995.0
54796,2007.0
44633,2005.0
6254,1937.0
1845,1998.0
2919,1982.0
2136,1963.0
56286,2007.0
8197,1959.0
86142,2010.0
4432,1957.0
6858,1962.0
27879,2004.0
7932,2000.0
71450,2009.0
69306,2009.0
4178,1939.0
6023,1964.0
6818,1985.0
7070,1948.0
7579,1940.0
5498,1965.0
5021,1976.0
26649,1989.0
2511,1973.0
74685,2010.0
3129,1999.0
6743,1942.0
4422,1972.0
5853,1981.0
76173,2009.0
3736,1951.0
2927,1946.0
2940,1946.0
2202,1944.0
3549,1955.0
8195,1960.0
25777,1931.0
72605,2009.0
43917,2006.0
4969,1945.0
6785,1954.0
60333,2008.0
65126,2008.0
3415,1975.0
2303,1975.0
3467,1963.0
7728,1946.0
946,1942.0
125,1996.0
4333,1987.0
60293,2008.0
1734,1997.0
50740,1964.0
1913,1975.0
26111,1964.0
2469,1986.0
7484,1970.0
7943,1946.0
2348,1986.0
2971,1979.0
85438,2011.0
6713,2001.0
4187,1963.0
41527,2005.0
55555,2007.0
6542,2002.0
1885,1998.0
50514,2006.0
4211,1990.0
2212,1934.0
25827,1936.0
952,1956.0
41,1995.0
5613,2002.0
5177,1942.0
3249,1992.0
2312,1986.0
7303,1959.0
90430,2011.0
2946,1965.0
90057,2011.0
59731,2008.0
3404,1953.0
26712,1991.0
2363,1954.0
3364,1950.0
8838,1974.0
3932,1933.0
8690,1972.0
43460,2005.0
3074,1972.0
7924,1949.0
501,1993.0
7135,1960.0
8183,1983.0
8019,2002.0
55080,2007.0
8600,1938.0
6433,1929.0
4535,1982.0
1643,1997.0
314,1994.0
8167,1935.0
4056,2001.0
8327,2002.0
3358,1991.0
8772,1965.0
2693,1997.0
5222,2001.0
2463,1986.0
77307,2009.0
2184,1955.0
6786,1985.0
5603,1951.0
2346,1975.0
3200,1973.0
4787,1991.0
60291,2008.0
7056,1931.0
222,1995.0
7206,1958.0
3727,1987.0
1161,1979.0
4835,1980.0
6920,1970.0
1694,1997.0
8341,1948.0
5475,1969.0
918,1944.0
26258,1970.0
7939,1961.0
62437,2008.0
7115,1975.0
63808,2008.0
1171,1992.0
7028,1990.0
3061,1942.0
27850,2003.0
1030,1977.0
1844,1997.0
4464,1988.0
3347,1983.0
26172,1967.0
8016,1972.0
5059,1997.0
5304,1945.0
68522,2007.0
6448,1965.0
3093,1971.0
5893,1994.0
3685,1985.0
6660,1948.0
64499,2008.0
7218,1943.0
1419,1971.0
2181,1964.0
7062,1962.0
4506,1988.0
936,1939.0
5772,1981.0
5572,2002.0
43333,2005.0
4809,1983.0
5410,1972.0
2920,1945.0
32892,1962.0
26554,1985.0
26003,1955.0
3272,1992.0
3733,1973.0
3420,1979.0
8239,1961.0
3189,1999.0
6636,1985.0
81018,2010.0
1900,1997.0
26425,1979.0
46855,1969.0
2925,1970.0
26485,1983.0
6978,1991.0
7486,1997.0
26547,1985.0
1938,1945.0
2633,1932.0
1594,1997.0
5288,1982.0
2110,1982.0
2867,1985.0
8338,1947.0
2612,1945.0
3989,1999.0
48698,2006.0
8199,1953.0
6970,1957.0
680,1965.0
6170,1979.0
3032,1971.0
199,1964.0
3634,1964.0
6183,1959.0
2159,1986.0
47721,1956.0
1366,1996.0
7209,1953.0
2550,1963.0
7311,1939.0
55071,2007.0
46974,2006.0
3181,1999.0
2178,1972.0
4095,1987.0
213,1994.0
3274,1992.0
943,1947.0
5341,1974.0
8684,1956.0
72386,2009.0
67193,2009.0
80917,2010.0
4061,1991.0
1135,1980.0
1046,1996.0
8147,1968.0
1964,1971.0
62250,2008.0
5470,1952.0
4661,1989.0
1730,1997.0
6273,1950.0
1934,1938.0
4334,2000.0
2779,1978.0
60647,2008.0
5712,1981.0
27722,2003.0
4407,1986.0
7748,1965.0
3342,1984.0
4062,1988.0
25769,1928.0
54745,2007.0
7792,1974.0
4291,1980.0
6611,1952.0
948,1956.0
6122,1982.0
7614,1955.0
55176,2007.0
663,1996.0
82667,2010.0
3478,1987.0
5121,1977.0
4426,1955.0
7938,1963.0
26422,1979.0
37736,2005.0
2071,1993.0
326,1994.0
8039,1969.0
4624,1989.0
5525,2001.0
55451,2007.0
8011,2002.0
8235,1923.0
2495,1973.0
2660,1951.0
1572,1963.0
477,1993.0
1914,1998.0
4833,1980.0
6780,1991.0
32179,1958.0
4292,1979.0
3224,1964.0
4191,1966.0
7941,1955.0
58351,2007.0
4021,2000.0
61026,2008.0
2624,1998.0
5792,2002.0
6271,1973.0
7937,1963.0
64701,2008.0
5628,2001.0
2015,1961.0
1264,1981.0
8516,1946.0
7844,1993.0
44864,2006.0
7042,1986.0
373,1992.0
5056,1974.0
48872,2005.0
176,1995.0
3852,2000.0
27822,2003.0
3204,1978.0
25856,1939.0
4936,1980.0
581,1995.0
4336,1994.0
1946,1955.0
26585,1986.0
2130,1980.0
2135,1967.0
1286,1980.0
26462,1983.0
4572,1989.0
6509,1974.0
901,1957.0
3927,1966.0
6184,1976.0
43708,2005.0
7043,1962.0
448,1993.0
49347,2006.0
3947,1971.0
5707,1981.0
1518,1997.0
7040,1985.0
26524,1984.0
6963,2002.0
1785,1990.0
27882,2004.0
2131,1978.0
7720,1974.0
917,1939.0
50274,2006.0
159,1995.0
5941,2002.0
4795,1964.0
7210,1946.0
7584,1942.0
3548,1958.0
59336,2008.0
929,1940.0
6989,1983.0
4803,1971.0
26171,1967.0
5544,1979.0
5333,1955.0
7088,1959.0
49132,2006.0
32582,2003.0
3090,1987.0
26713,1990.0
76091,2009.0
1942,1949.0
4218,1986.0
26163,1967.0
58191,2007.0
8261,1977.0
7478,1987.0
4117,1987.0
1542,1996.0
38159,1988.0
25805,1934.0
4357,1953.0
6974,1990.0
64997,2005.0
26375,1976.0
668,1955.0
5391,2001.0
34148,2005.0
7071,1974.0
7991,1975.0
26606,1987.0
25927,1946.0
62203,2008.0
3350,1961.0
8712,1940.0
72479,2009.0
88672,2011.0
4783,2000.0
7025,1992.0
73587,2009.0
44937,2005.0
4705,1978.0
2734,1986.0
4205,1990.0
26052,1959.0
6869,2002.0
8754,1969.0
7300,1971.0
90374,2011.0
8930,2003.0
3038,1957.0
6772,2002.0
4488,1988.0
3008,1998.0
281,1994.0
82,1995.0
3684,1989.0
26151,1966.0
6862,2003.0
1966,1990.0
8482,1945.0
72167,2009.0
233,1994.0
82767,2010.0
8711,1948.0
8158,1991.0
728,1995.0
7087,1984.0
7459,2003.0
456,1994.0
5825,1943.0
4086,1987.0
2941,1958.0
5367,1985.0
4710,1976.0
4184,1947.0
6668,1999.0
3475,1951.0
8998,1974.0
49220,2006.0
6533,1972.0
7771,1964.0
6460,1962.0
5909,2001.0
8796,1966.0
68932,2009.0
7840,1939.0
7564,1964.0
34143,2005.0
3153,1958.0
4338,1949.0
4966,1957.0
6239,1959.0
8670,1933.0
26094,1962.0
71248,2009.0
5644,1942.0
4821,2001.0
938,1958.0
6579,1961.0
841,1959.0
61075,2008.0
85179,2009.0
4920,1942.0
4529,1987.0
5244,1980.0
26704,1990.0
53447,2007.0
4970,1930.0
7236,1975.0
5820,2002.0
229,1994.0
4296,1970.0
4826,1980.0
8044,1932.0
7055,1936.0
3873,1965.0
707,1996.0
4802,1959.0
7009,1992.0
7238,1958.0
91622,2011.0
4263,1962.0
6612,1992.0
2937,1942.0
25954,1950.0
7079,1939.0
3182,1999.0
2285,1968.0
2155,1998.0
5932,1982.0
5198,1980.0
6269,2002.0
7713,1942.0
54331,2007.0
3606,1949.0
627,1995.0
6909,2002.0
4577,1989.0
2931,1989.0
26359,1976.0
67695,2009.0
27820,2003.0
26694,1990.0
74916,2010.0
42094,1973.0
52375,2007.0
6990,1979.0
1076,1961.0
7493,1957.0
3002,1999.0
4912,1968.0
3739,1932.0
26064,1960.0
6748,1979.0
32469,1955.0
2070,1983.0
7335,1953.0
27563,2001.0
4557,1988.0
4082,1987.0
556,1993.0
89761,2011.0
6856,1942.0
26122,1964.0
7223,1950.0
6101,1982.0
1935,1941.0
6672,2001.0
3822,1999.0
7895,1974.0
4921,1933.0
37855,2005.0
2112,1991.0
2344,1985.0
2330,1996.0
69458,2008.0
1554,1996.0
48061,1972.0
50923,2007.0
5237,1981.0
26578,1986.0
5938,1982.0
8188,1954.0
6935,2003.0
2670,1958.0
7096,2001.0
4404,1926.0
3194,1973.0
26838,1993.0
1236,1990.0
7107,1978.0
7068,1961.0
7069,1971.0
8848,1953.0
25868,1941.0
4419,1955.0
44849,2006.0
670,1959.0
7708,1967.0
4515,1988.0
4278,1934.0
66130,2008.0
4350,1996.0
4932,1980.0
313,1994.0
973,1941.0
7979,1968.0
4612,1989.0
4190,1960.0
7067,1965.0
31522,1979.0
8724,1963.0
26349,1975.0
81791,2010.0
8264,1975.0
5062,1966.0
8459,1949.0
3135,1979.0
8765,1942.0
2102,1928.0
7086,1938.0
144,1995.0
3728,1992.0
2870,1967.0
3632,1947.0
3627,1962.0
3341,1950.0
55687,2007.0
25855,1939.0
3244,1977.0
2877,1975.0
25753,1924.0
26078,1962.0
2210,1936.0
2553,1960.0
58806,2008.0
26476,1983.0
7647,1992.0
6027,1991.0
7756,1938.0
1648,1997.0
2361,1972.0
6561,1959.0
3125,1999.0
3430,1974.0
3928,1948.0
2099,1946.0
1392,1996.0
8364,2003.0
47937,2006.0
32387,1966.0
2866,1978.0
44613,2006.0
25891,1943.0
47202,2005.0
33564,1961.0
2654,1941.0
921,1982.0
5483,2002.0
2524,1974.0
3011,1969.0
1069,1944.0
2983,1965.0
7020,1991.0
25999,1953.0
3163,1999.0
25937,1948.0
1649,1997.0
3813,1978.0
5034,1991.0
1051,1996.0
5965,1977.0
46559,2006.0
79897,2009.0
59590,2007.0
71619,2009.0
7333,1943.0
1130,1980.0
8609,1923.0
5417,2001.0
26148,1964.0
5867,1981.0
8738,1961.0
25963,1950.0
77421,2010.0
65418,2008.0
64501,2008.0
3412,1988.0
7944,1964.0
42217,1949.0
5373,1957.0
25938,1948.0
2929,1981.0
6667,1997.0
3598,2000.0
31689,2005.0
3929,1940.0
3645,1962.0
7786,1999.0
4325,1960.0
6797,1991.0
53921,2007.0
26116,1964.0
55729,2007.0
2354,1998.0
6442,1992.0
4405,1924.0
6123,1983.0
7080,1933.0
25763,1929.0
3653,1966.0
25764,1928.0
4000,1984.0
92643,2011.0
50066,2005.0
26366,1976.0
72131,2009.0
927,1939.0
3789,1964.0
3040,1979.0
4784,1981.0
6429,1950.0
26158,1966.0
26564,1986.0
46803,1939.0
5039,1981.0
2557,1998.0
3930,1954.0
1177,1992.0
7749,1967.0
33072,1973.0
944,1937.0
69685,2002.0
5114,1952.0
4234,2001.0
25825,1936.0
25898,1943.0
51694,2006.0
26472,1984.0
33677,2005.0
3169,1985.0
50842,2006.0
6789,1996.0
299,1994.0
26101,1963.0
5440,1949.0
60382,2008.0
39886,2005.0
5839,1990.0
417,1994.0
6982,1952.0
7177,2003.0
5752,1981.0
26400,1978.0
3142,1988.0
3111,1984.0
5840,1990.0
2439,1997.0
4998,1958.0
8751,1949.0
2287,1954.0
7826,1947.0
6008,2002.0
8008,1954.0
2349,1986.0
5788,2002.0
3729,1971.0
7074,1924.0
4541,1988.0
55116,2007.0
26599,1987.0
56915,2007.0
214,1994.0
2943,1992.0
8797,1969.0
91128,2011.0
3330,1961.0
1941,1948.0
6405,1950.0
7136,1968.0
8573,2003.0
302,1994.0
66200,2008.0
3679,1981.0
56274,2007.0
31485,1966.0
3559,1952.0
6412,1939.0
31270,1975.0
4304,2001.0
4410,1986.0
4217,1997.0
4212,1978.0
1082,1972.0
5022,1963.0
48741,2006.0
7171,2003.0
25774,1930.0
506,1992.0
3221,1982.0
3966,1945.0
5686,2002.0
6981,1955.0
907,1934.0
7745,1993.0
2967,1956.0
25755,1925.0
8330,1959.0
4339,1965.0
25996,1954.0
6339,2002.0
31309,1960.0
6140,1982.0
25995,1954.0
2262,1986.0
25773,1931.0
71205,2009.0
4537,1988.0
5250,1980.0
7082,1962.0
7832,1945.0
25886,1942.0
3405,1958.0
3566,2000.0
34155,2003.0
25828,1936.0
4009,1988.0
25793,1932.0
26246,1971.0
4174,1990.0
4830,1980.0
549,1993.0
3480,1986.0
25841,1937.0
941,1940.0
8618,1954.0
33838,2005.0
1633,1997.0
4523,1988.0
8521,1931.0
5797,1984.0
5637,1991.0
8266,1984.0
26055,1959.0
61071,2008.0
3649,1980.0
5169,1945.0
7896,1962.0
5826,1950.0
3539,2000.0
1836,1998.0
6945,2003.0
3327,1999.0
25952,1949.0
27716,2003.0
7065,1915
4274,1963.0
7791,1990.0
4429,1956.0
2852,1984.0
26965,1997.0
2519,1959.0
6896,1985.0
8494,1965.0
7225,1977.0
25834,1937.0
2802,1988.0
6021,1977.0
31934,1939.0
31770,1950.0
6306,2002.0
1929,1932.0
44587,1922.0
5516,2001.0
25866,1940.0
2518,1982.0
7241,1957.0
43869,2006.0
85,1995.0
5119,1960.0
2611,1999.0
4077,2000.0
7883,1943.0
4276,1985.0
8923,1979.0
5383,1959.0
5214,1977.0
7936,1968.0
7940,1958.0
5434,1948.0
7212,1949.0
25865,1940.0
1940,1947.0
32853,1969.0
8451,1955.0
7114,1965.0
2097,1983.0
6898,2002.0
32770,2004.0
6983,1944.0
5548,1986.0
7078,1938.0
7011,1986.0
54513,2007.0
32943,1990.0
3036,1981.0
6967,1945.0
7577,1975.0
4788,1979.0
2240,1980.0
3289,1999.0
6356,1957.0
74750,2009.0
1936,1942.0
26663,1989.0
5569,1972.0
53769,2007.0
26527,1984.0
45221,2006.0
31702,2004.0
8331,1942.0
58492,2007.0
5073,2001.0
26302,1973.0
71542,2009.0
65577,2008.0
26318,1974.0
32160,1934.0
7705,1952.0
1683,1997.0
4345,2001.0
1365,1996.0
5398,1962.0
6609,1964.0
7058,1947.0
8785,1951.0
32525,1953.0
26178,1967.0
1184,1991.0
6228,1942.0
3426,1991.0
26240,1971.0
8767,1948.0
5963,1961.0
47778,2006.0
1192,1990.0
4801,1941.0
6571,2002.0
3102,1985.0
31260,1938.0
935,1953.0
6984,1935.0
4688,1991.0
1859,1997.0
25870,1941.0
8270,1990.0
55067,2006.0
4480,1988.0
7126,1976.0
8379,1983.0
3787,1999.0
57845,2007.0
60758,2008.0
4956,1980.0
4283,1972.0
3232,1925.0
48879,2006.0
2847,1939.0
26208,1969.0
2796,1988.0
3167,1971.0
3516,1958.0
4297,1987.0
6178,1965.0
26788,1992.0
7942,1953.0
4806,1965.0
5801,1966.0
4194,1945.0
1050,1996.0
7061,1939.0
3094,1987.0
7702,1945.0
6358,1953.0
495,1976.0
51678,1953.0
8752,1949.0
190,1995.0
26231,1970.0
7039,1992.0
3854,1999.0
7835,1947.0
2077,1985.0
30712,1952.0
757,1994.0
51007,2006.0
1904,1997.0
58879,2008.0
5258,2000.0
6031,1959.0
3724,1978.0
8933,1986.0
57792,2007.0
8496,1971.0
3028,1967.0
7990,1979.0
421,1994.0
702,1968.0
49422,2006.0
4337,1966.0
26758,1991.0
3700,1984.0
32591,2004.0
6051,1973.0
41226,1972.0
2575,1998.0
34482,1951.0
5974,1940.0
3223,1985.0
3865,2000.0
47978,2006.0
7059,1944.0
25947,1948.0
6126,1982.0
31617,1961.0
2247,1988.0
8601,1933.0
1860,1997.0
4495,1988.0
5001,1943.0
4798,1958.0
4999,1936.0
7301,1951.0
55205,2007.0
6798,1976.0
5279,1991.0
6918,1957.0
6452,1958.0
6230,1973.0
34359,1966.0
55063,2007.0
7487,1990.0
25795,1933.0
5914,1981.0
4785,1969.0
89535,2011.0
3379,1959.0
5642,1979.0
8017,1971.0
31956,2004.0
5799,1960.0
3655,1973.0
8938,2003.0
4237,2000.0
6516,1956.0
1948,1963.0
6400,2001.0
1395,1987.0
4318,1990.0
37545,1979.0
6125,1982.0
632,1995.0
3368,1958.0
32234,1977.0
4811,1979.0
32239,2003.0
8126,1963.0
60295,2007.0
31035,1983.0
2972,1987.0
25752,1925.0
6467,1947.0
25901,1944.0
58334,2007.0
5038,1982.0
5101,1983.0
43910,2006.0
4151,2000.0
3015,1978.0
3456,1999.0
7489,1990.0
27271,1999.0
8520,1992.0
4411,1965.0
38188,2006.0
8661,1962.0
26283,1973.0
6581,1970.0
8786,1938.0
26313,1974.0
3872,1959.0
26631,1988.0
6466,1991.0
7897,1970.0
2171,1998.0
44168,1953.0
3713,1990.0
3338,1989.0
7815,1986.0
58876,2008.0
8989,1958.0
31590,1954.0
53887,1973.0
25943,1948.0
25930,1947.0
6779,1978.0
6727,1968.0
55620,2007.0
47274,1971.0
6192,2002.0
25839,1937.0
5682,2001.0
6684,1971.0
5368,1959.0
8446,1949.0
25833,1936.0
7243,1916
6237,1953.0
6035,1937.0
5605,1999.0
62912,2008.0
5002,1972.0
61257,2008.0
5649,1958.0
60763,2008.0
7334,1976.0
6671,1990.0
44657,1967.0
7302,1924.0
6782,1989.0
7054,1949.0
25929,1947.0
4433,1956.0
334,1994.0
1880,1997.0
7586,1977.0
32371,1948.0
5435,1967.0
5847,1981.0
3501,1985.0
33558,2003.0
27366,2000.0
937,1957.0
56508,2007.0
6232,1966.0
27876,2003.0
60503,2007.0
5818,2002.0
3158,1999.0
32139,1965.0
26681,1990.0
8385,1961.0
574,1994.0
7918,1991.0
8584,1945.0
33539,2003.0
26241,1971.0
4395,1958.0
2425,1998.0
4135,1987.0
3970,1981.0
5763,1981.0
1187,1992.0
32022,2004.0
8844,1979.0
8511,1917
1162,1972.0
1875,1997.0
3855,1999.0
8484,1959.0
6032,1979.0
3076,1963.0
6988,1919
6118,1981.0
363,1993.0
6638,1983.0
5145,1965.0
5224,2001.0
4186,1966.0
59519,2006.0
2165,1998.0
8602,1959.0
4847,2001.0
3621,1981.0
4813,1951.0
149,1994.0
8650,1962.0
4971,1984.0
4399,1964.0
346,1993.0
72703,2008.0
5142,1967.0
3245,1964.0
3311,1955.0
2075,1981.0
1068,1947.0
1024,1945.0
3150,1999.0
58246,2007.0
25961,1950.0
2593,1994.0
33454,1992.0
49265,2005.0
49355,1938.0
483,1993.0
6229,1971.0
7338,1955.0
32369,1950.0
116,1995.0
25945,1949.0
32721,1965.0
32792,1964.0
27812,2003.0
5007,1964.0
4043,1986.0
5940,1982.0
3816,1985.0
1085,1958.0
8768,1949.0
60341,2008.0
8753,2002.0
2969,1966.0
31347,1940.0
4840,1980.0
8208,1946.0
4046,1956.0
49263,2005.0
25918,1945.0
6064,1956.0
5397,1952.0
25993,1954.0
3637,1985.0
8256,1933.0
26796,1992.0
5122,1971.0
3738,1974.0
3010,1999.0
81385,2010.0
41721,2005.0
33603,2004.0
8718,1948.0
4769,2000.0
8275,1927.0
30701,1965.0
6599,1961.0
4282,1969.0
26119,1964.0
3099,1975.0
5560,1931.0
2939,1953.0
2784,1964.0
86884,2011.0
4484,1988.0
8456,1970.0
6450,1957.0
321,1993.0
6630,1958.0
6226,1975.0
56060,2006.0
4024,2000.0
6457,1960.0
5601,1946.0
4428,1961.0
4441,1978.0
5765,1981.0
4768,1922.0
4216,1990.0
41585,1947.0
4424,1970.0
7092,1935.0
25916,1945.0
5005,1958.0
3547,1987.0
2069,1985.0
47306,1944.0
5226,1983.0
1660,1997.0
25766,1928.0
48682,2006.0
3680,1988.0
7141,2003.0
26083,1962.0
4403,1960.0
60482,2007.0
1545,1996.0
2782,1961.0
7585,1955.0
8273,1992.0
3205,1960.0
3696,1986.0
31255,1968.0
5012,1983.0
32261,1944.0
46959,2005.0
5859,1981.0
5125,1980.0
5272,2001.0
4116,1987.0
44301,2006.0
6409,1952.0
43,1995.0
7134,1984.0
3678,1955.0
81456,2010.0
25941,1948.0
659,1960.0
7650,1968.0
8335,1937.0
3320,1999.0
4330,1934.0
52528,1970.0
2057,1963.0
31030,1948.0
7128,1936.0
25835,1937.0
70846,2008.0
1937,1944.0
2848,1952.0
6840,1971.0
40988,1953.0
60735,2007.0
4183,1989.0
31950,1957.0
60418,2007.0
3849,1946.0
1450,1996.0
8153,1956.0
4930,1966.0
2272,1998.0
2370,1985.0
897,1943.0
25962,1950.0
8133,2003.0
84240,2010.0
8336,1942.0
8920,1954.0
2757,1982.0
61678,2006.0
7787,1955.0
69988,2009.0
4420,1954.0
2221,1929.0
2227,1927.0
5499,1976.0
6211,2002.0
6082,1982.0
1169,1990.0
5937,1983.0
25797,1933.0
51991,2005.0
50259,2006.0
68324,2009.0
5202,1980.0
2988,1980.0
2238,1976.0
6195,2002.0
1846,1997.0
3734,1981.0
8227,1939.0
7219,1940.0
7051,1965.0
3808,1960.0
746,1948.0
1414,1996.0
90809,2011.0
4927,1977.0
5696,1980.0
7211,1951.0
7394,1965.0
26147,1965.0
61967,1962.0
49200,1948.0
1925,1927.0
1191,1991.0
26139,1965.0
31359,2004.0
2938,1986.0
7742,1989.0
970,1953.0
43497,1972.0
38198,2004.0
8710,1993.0
5660,1964.0
3024,1978.0
31687,2005.0
6809,1984.0
7580,1956.0
25905,1944.0
352,1994.0
50229,1967.0
6047,1947.0
27255,1999.0
43934,2006.0
2880,1987.0
63446,2008.0
32316,1951.0
45335,1933.0
2074,1974.0
3859,2000.0
38994,2005.0
4473,1988.0
4179,1981.0
5619,2002.0
32349,1937.0
3406,1951.0
5986,1972.0
3417,1952.0
2481,1998.0
8143,1955.0
51638,1940.0
80,1995.0
8726,1967.0
5418,2002.0
4011,2000.0
1580,1997.0
780,1996.0
6365,2003.0
1625,1997.0
5218,2002.0
3052,1999.0
2628,1999.0
253,1994.0
3275,2000.0
8644,2004.0
10,1995.0
1917,1998.0
5903,2002.0
316,1994.0
56174,2007.0
89745,2012.0
2353,1998.0
2617,1999.0
45499,2006.0
99114,2012.0
8957,2004.0
1356,1996.0
5299,2002.0
53972,2007.0
91500,2012.0
8917,2004.0
66934,2008.0
1391,1996.0
27611,2003.0
92259,2011.0
3977,2000.0
31696,2005.0
96079,2012.0
96610,2012.0
4874,2001.0
98809,2012.0
1722,1997.0
6323,2003.0
4105,1981.0
62,1995.0
97304,2012.0
79091,2010.0
2541,1999.0
40278,2005.0
1597,1997.0
8783,2004.0
4148,2001.0
1298,1982.0
6754,2003.0
88744,2011.0
72641,2009.0
112852,2014.0
2125,1998.0
5219,2002.0
102445,2013.0
4865,2001.0
97938,2012.0
106920,2013.0
63062,2008.0
1590,1997.0
59387,2006.0
7669,1995.0
55908,2007.0
34150,2005.0
106487,2013.0
88810,2011.0
4446,2001.0
5574,2002.0
112556,2014.0
111362,2014.0
5791,2002.0
64622,2008.0
106489,2013.0
44974,2005.0
8366,2004.0
39446,2005.0
3798,2000.0
96821,2012.0
2803,1993.0
48997,2006.0
56145,2007.0
27808,2004.0
36535,2005.0
97752,2012.0
62849,2008.0
3355,1999.0
8810,2004.0
110102,2014.0
65514,2008.0
98961,2012.0
37386,2005.0
105504,2013.0
70293,2009.0
108932,2014.0
79357,2009.0
106100,2013.0
105844,2013.0
5944,2002.0
106696,2013.0
71579,2009.0
5026,2001.0
2009,1973.0
50912,2006.0
56715,2006.0
69951,2009.0
3677,1992.0
55721,2007.0
26133,1965.0
56921,2007.0
42718,2004.0
33171,2004.0
112290,2014.0
55995,2007.0
71264,2009.0
59126,2008.0
37727,2005.0
79008,2008.0
74510,2009.0
84772,2011.0
57504,2006.0
103042,2013.0
116797,2014.0
55282,2007.0
112183,2014.0
3791,1984.0
87222,2011.0
83134,2010.0
4054,2001.0
103228,2013.0
71135,2009.0
86320,2011.0
103335,2013.0
106072,2013.0
46948,2006.0
5065,2002.0
96829,2012.0
72737,2009.0
2138,1978.0
7649,1998.0
112623,2014.0
80969,2010.0
3675,1954.0
27741,2002.0
52287,2007.0
41573,2005.0
40826,2005.0
112175,2014.0
54281,2007.0
40870,2005.0
8947,2004.0
45730,2006.0
67267,2008.0
2533,1971.0
49932,2006.0
8860,2004.0
34323,2005.0
96488,2012.0
102194,2012.0
86781,2010.0
43560,2005.0
62644,2008.0
27700,2003.0
80831,2010.0
71108,2009.0
58347,2006.0
3723,1990.0
93721,2011.0
55274,2007.0
95558,2012.0
90376,2011.0
107141,2013.0
27772,2002.0
5833,2002.0
116823,2014.0
115617,2014.0
106438,2013.0
107406,2013.0
4725,2001.0
31694,2004.0
6820,2000.0
50160,2006.0
8870,2004.0
8157,1998.0
68269,2009.0
7757,1963.0
40412,2004.0
86298,2011.0
78088,2010.0
7834,1936.0
87192,2011.0
96655,2012.0
42018,2005.0
27869,2004.0
33896,2004.0
79274,2010.0
73854,1964.0
2337,1998.0
2690,1999.0
52950,2006.0
82169,2010.0
3998,2000.0
105355,2013.0
8580,1991.0
37475,2005.0
73290,2009.0
6290,2003.0
40851,2005.0
81819,2010.0
5632,2002.0
57243,2007.0
26326,1973.0
6810,1991.0
2517,1983.0
111921,2014.0
40946,2005.0
51698,2007.0
74416,2009.0
6344,2000.0
78836,2009.0
96606,2011.0
67508,2008.0
27899,2004.0
53024,2006.0
82242,2010.0
33649,2004.0
72171,2009.0
1190,1990.0
74553,2009.0
59810,2008.0
5051,2000.0
735,1994.0
5316,2001.0
6790,2001.0
105213,2013.0
5312,2002.0
1128,1980.0
40955,2005.0
55284,2007.0
54785,2007.0
99145,2012.0
7831,1939.0
98243,2012.0
56563,2007.0
102800,2012.0
3306,1928.0
54962,2007.0
50742,1970.0
6971,1991.0
40966,2004.0
2204,1942.0
93498,2012.0
98056,2012.0
7894,1971.0
4738,2000.0
104944,2013.0
6063,2002.0
71468,2009.0
80185,2010.0
49957,2006.0
32898,1902
101895,2013.0
35347,1954.0
50011,2006.0
82463,2010.0
58425,2007.0
73808,2008.0
104272,2013.0
81257,2010.0
100556,2012.0
81191,2010.0
1009,1975.0
4976,2001.0
43744,2005.0
8404,1939.0
33164,2005.0
74508,2007.0
7024,1976.0
62733,2008.0
38095,2005.0
8405,1968.0
107771,2013.0
32025,2004.0
7365,2003.0
91134,2011.0
99917,2013.0
86290,2009.0
7178,1974.0
59418,2007.0
2901,1979.0
59220,2006.0
27005,1998.0
74668,2009.0
7759,1983.0
4454,1998.0
104337,2013.0
4166,2001.0
8667,2004.0
86892,2010.0
71129,2009.0
8401,1939.0
2437,1997.0
87308,2006.0
103984,2013.0
96832,2012.0
57910,2007.0
109848,2013.0
97024,2012.0
55901,2007.0
5643,1988.0
104283,2013.0
93988,2004.0
61246,2008.0
98585,2012.0
76763,2010.0
67429,2008.0
83270,2010.0
26603,1987.0
4389,2001.0
106841,2013.0
55946,2007.0
6705,2003.0
7260,2003.0
69394,2008.0
27186,1998.0
27369,2000.0
7010,1992.0
31101,2003.0
33288,1969.0
30892,2004.0
5980,1974.0
7919,1948.0
109864,2014.0
45635,2005.0
26502,1984.0
6695,2003.0
6882,2002.0
2500,1999.0
82037,2010.0
1699,1997.0
33722,2004.0
52283,2007.0
27329,2000.0
27865,2003.0
86852,2011.0
2774,1999.0
46664,1948.0
69324,2008.0
26269,1972.0
103624,2013.0
102753,2013.0
44889,2005.0
52666,1992.0
97057,2012.0
97673,2012.0
7485,1959.0
49225,2005.0
86487,2011.0
41627,1967.0
8535,2004.0
62235,2008.0
5187,1980.0
8675,1957.0
6629,1953.0
96911,2012.0
50651,2006.0
5527,2002.0
3658,1967.0
90357,2011.0
91869,2011.0
91199,2011.0
101962,2012.0
31545,1960.0
64278,2006.0
62801,1972.0
33124,2004.0
40491,1990.0
59684,2006.0
35015,2005.0
27746,2004.0
7328,1969.0
77240,2009.0
61406,2008.0
5588,1977.0
8739,1962.0
59549,2007.0
53827,1976.0
49394,1965.0
112515,2014.0
111384,2013.0
88267,2011.0
69574,2008.0
5460,2002.0
31374,1954.0
56379,2006.0
26270,1972.0
2310,1998.0
7038,2000.0
8295,1932.0
102684,2013.0
26005,1955.0
26012,1956.0
8740,1957.0
7029,1977.0
7951,1990.0
91548,2011.0
27843,2004.0
31930,1966.0
6859,1941.0
81132,2010.0
87660,2011.0
114028,2014.0
111235,2013.0
30867,2004.0
31547,1992.0
4723,2001.0
90266,2011.0
7879,2002.0
90528,2011.0
55156,2006.0
89678,2007.0
49917,2006.0
103027,2012.0
84116,2010.0
38097,2004.0
3851,2000.0
46919,2005.0
5684,2002.0
80553,2010.0
73027,2009.0
6939,1999.0
7050,1936.0
50641,1977.0
187,1995.0
106452,2013.0
80469,2010.0
27648,2003.0
27647,2002.0
5663,2002.0
1337,1945.0
82173,2010.0
71438,2008.0
1465,1997.0
25852,1940.0
59607,2007.0
31973,1948.0
86000,2010.0
102588,2012.0
26002,1955.0
98604,2011.0
26222,1970.0
118997,2014.0
26325,1974.0
114552,2014.0
107883,2013.0
100344,2012.0
7437,2004.0
87004,2011.0
4687,1963.0
92243,2011.0
103107,2013.0
27751,2004.0
91488,1982.0
56744,2006.0
27826,2004.0
89260,2011.0
97395,2012.0
89072,2010.0
56719,2006.0
92048,2010.0
1529,1997.0
57637,2007.0
61724,1986.0
56141,2006.0
103279,2012.0
3117,1999.0
7578,1939.0
94126,2011.0
56093,2007.0
54193,2007.0
72367,2009.0
6801,2000.0
68472,2008.0
66547,1956.0
324,1994.0
2239,1975.0
63179,2008.0
85790,2010.0
26360,1976.0
83827,2010.0
66870,2008.0
110591,2013.0
114342,2014.0
32743,2000.0
79533,1979.0
26225,1970.0
4342,2000.0
47148,2005.0
3147,1999.0
51662,2007.0
2011,1989.0
2012,1990.0
7254,2004.0
5378,2002.0
6934,2003.0
3994,2000.0
2,1995.0
1215,1993.0
6373,2003.0
1676,1997.0
3033,1987.0
7445,2004.0
4975,2001.0
2167,1998.0
208,1995.0
85414,2011.0
1320,1992.0
1275,1986.0
34319,2005.0
6537,2003.0
2232,1997.0
5459,2002.0
292,1995.0
7360,2004.0
720,1996.0
3489,1991.0
153,1995.0
2193,1988.0
8361,2004.0
329,1994.0
27660,2003.0
2021,1984.0
1909,1998.0
1544,1997.0
33615,2005.0
1690,1997.0
6281,2002.0
442,1993.0
6936,2003.0
4016,2000.0
27706,2004.0
49278,2006.0
2124,1991.0
59615,2008.0
2717,1989.0
1375,1984.0
60074,2008.0
48,1995.0
4128,1987.0
68319,2009.0
2826,1999.0
4270,2001.0
1876,1998.0
4310,2001.0
8371,2004.0
1371,1979.0
2393,1998.0
3107,1991.0
3476,1990.0
3698,1987.0
3785,2000.0
3863,2000.0
653,1996.0
2699,1990.0
1025,1963.0
3740,1986.0
1367,1996.0
3969,2000.0
3087,1988.0
2394,1998.0
783,1996.0
2600,1999.0
485,1993.0
94864,2012.0
1479,1997.0
4643,2001.0
1405,1996.0
7444,2004.0
671,1996.0
46972,2006.0
158,1995.0
68791,2009.0
107,1996.0
2046,1986.0
172,1995.0
73321,2010.0
673,1996.0
6659,1990.0
1566,1997.0
42738,2006.0
3745,2000.0
724,1996.0
2953,1992.0
36708,2005.0
1373,1989.0
317,1994.0
788,1996.0
6541,2003.0
47997,2006.0
6753,2003.0
799,1996.0
45672,2006.0
7454,2004.0
1835,1998.0
362,1994.0
56251,2007.0
2701,1999.0
8865,2004.0
82461,2010.0
3704,1985.0
53121,2007.0
2094,1991.0
1779,1998.0
3988,2000.0
2297,1998.0
4638,2001.0
8861,2004.0
196,1995.0
3159,1999.0
6857,1995.0
3638,1979.0
4343,2001.0
2528,1976.0
2116,1978.0
327,1995.0
1688,1997.0
7163,2003.0
24,1995.0
1033,1981.0
2672,1999.0
72378,2009.0
3697,1990.0
4890,2001.0
6755,2002.0
6534,2003.0
3438,1990.0
3686,1990.0
3354,2000.0
27788,2005.0
37830,2004.0
58025,2008.0
44,1995.0
63992,2008.0
3156,1999.0
36401,2005.0
4015,2000.0
173,1995.0
610,1981.0
7842,2000.0
3827,2000.0
6157,2003.0
8169,1987.0
3986,2000.0
4545,1986.0
1831,1998.0
8985,2004.0
4980,1991.0
3826,2000.0
2428,1998.0
36525,2005.0
60161,2008.0
2722,1999.0
1882,1998.0
53464,2007.0
2082,1992.0
22,1995.0
62956,2008.0
1717,1997.0
2311,1984.0
55232,2007.0
51412,2007.0
273,1994.0
4553,1988.0
37857,2005.0
71530,2009.0
45081,2006.0
5171,2002.0
8965,2004.0
3264,1992.0
455,1993.0
2004,1990.0
34532,2005.0
1409,1996.0
1562,1997.0
48877,2006.0
2059,1998.0
2090,1977.0
3258,1992.0
6731,1985.0
1974,1980.0
5463,2002.0
72733,2009.0
435,1993.0
4366,2001.0
1644,1997.0
2513,1989.0
1037,1992.0
62999,2008.0
69644,2009.0
1255,1987.0
71379,2009.0
1015,1993.0
8907,2004.0
70599,2009.0
42723,2005.0
62336,2000.0
6975,1997.0
1591,1997.0
256,1994.0
1064,1996.0
58293,2008.0
66297,2009.0
7235,2001.0
67197,2009.0
3113,1999.0
4388,2001.0
7046,1987.0
7481,1985.0
5072,2001.0
1216,1988.0
7827,2002.0
160,1995.0
4006,1986.0
34332,2005.0
4039,1982.0
4121,1987.0
69134,2009.0
2123,1989.0
6888,2003.0
2143,1985.0
2622,1999.0
379,1994.0
5882,2002.0
53993,2007.0
65682,2009.0
355,1994.0
239,1995.0
2976,1999.0
6058,2003.0
4887,2001.0
382,1994.0
7841,2003.0
7247,1968.0
7164,2003.0
2986,1990.0
51077,2007.0
2052,1993.0
8977,2004.0
2089,1990.0
31184,2004.0
6952,2003.0
3273,2000.0
2389,1998.0
2316,1998.0
6093,1982.0
67295,2008.0
3213,1993.0
2808,1992.0
432,1994.0
3981,2000.0
61248,2008.0
1327,1979.0
1588,1997.0
1920,1998.0
6902,2002.0
2253,1992.0
2642,1983.0
55768,2007.0
59103,2008.0
3070,1984.0
3483,2000.0
2719,1999.0
1021,1994.0
5540,1981.0
55577,2007.0
7380,2004.0
4090,1987.0
1702,1997.0
40339,2005.0
26152,1966.0
2048,1986.0
61160,2008.0
73268,2010.0
6270,1990.0
33836,2005.0
64285,2008.0
4533,1985.0
26903,1995.0
6889,2003.0
78637,2010.0
66171,2009.0
70336,2009.0
72407,2009.0
3439,1991.0
64497,2008.0
42734,2005.0
71106,2009.0
2735,1986.0
5570,1996.0
8501,1986.0
1126,1991.0
8373,2004.0
709,1988.0
1726,1997.0
8974,2004.0
1388,1978.0
49649,2006.0
6880,2003.0
2142,1991.0
6294,2003.0
33085,2005.0
31427,2005.0
575,1994.0
90647,2011.0
76175,2010.0
6250,2003.0
72731,2009.0
546,1993.0
3269,1992.0
50804,2007.0
2412,1990.0
65088,2008.0
27156,1997.0
374,1994.0
60037,2008.0
68793,2009.0
4941,1980.0
63433,2004.0
4744,2001.0
1991,1988.0
12,1995.0
1359,1996.0
2422,1989.0
4876,2001.0
44972,2006.0
2713,1999.0
70159,2009.0
60979,2008.0
5040,1984.0
6264,2003.0
60674,2008.0
27002,1998.0
59392,2008.0
748,1996.0
7810,1999.0
32213,2004.0
71254,2009.0
674,1968.0
1970,1987.0
43928,2006.0
3615,2000.0
3016,1982.0
56801,2007.0
48142,2006.0
2122,1984.0
8939,2004.0
43679,2006.0
37380,2005.0
5159,1992.0
880,1996.0
27839,2005.0
2846,1986.0
8526,2004.0
6615,2003.0
39052,2005.0
45732,2006.0
2367,1976.0
2053,1992.0
2014,1977.0
6707,2002.0
61350,2008.0
27251,2000.0
1797,1998.0
55999,2007.0
36363,1986.0
5128,2002.0
1713,1997.0
2995,1999.0
8225,1990.0
59037,2008.0
60760,2008.0
407,1995.0
72356,2009.0
4792,1960.0
2827,1999.0
27311,2000.0
8369,2004.0
26285,1974.0
2560,1999.0
26492,1983.0
66198,2009.0
40723,2005.0
188,1995.0
3701,1988.0
13,1995.0
73211,2008.0
26693,1990.0
2606,1999.0
51939,2007.0
70533,2007.0
60514,2008.0
27482,2002.0
63436,2008.0
53161,2006.0
48414,2006.0
81156,2010.0
27800,2003.0
72489,2009.0
5530,2002.0
59727,2008.0
2162,1990.0
2338,1998.0
76,1995.0
2092,1994.0
72308,2009.0
1334,1958.0
519,1993.0
65982,2008.0
51925,2007.0
5419,2002.0
6793,1992.0
58297,2008.0
74228,2009.0
54771,2007.0
3991,2000.0
8906,1980.0
4386,2001.0
5784,2002.0
4544,1988.0
7743,1985.0
4552,1988.0
1005,1996.0
71500,2007.0
52462,2007.0
55167,2006.0
2279,1998.0
2530,1970.0
2033,1985.0
60937,2008.0
2643,1987.0
6959,2003.0
5389,2002.0
7036,1985.0
3918,1988.0
3784,2000.0
45442,2006.0
49647,2006.0
7812,1998.0
71304,2009.0
6536,2003.0
2720,1999.0
5667,2002.0
3593,2000.0
5452,1993.0
3964,1949.0
4443,1981.0
5604,1951.0
30894,2005.0
6338,2003.0
2093,1985.0
56176,2007.0
2793,1997.0
55553,2006.0
72294,2009.0
8372,2004.0
1924,1959.0
34334,2005.0
1983,1981.0
4564,1989.0
5522,1975.0
1381,1982.0
27604,2001.0
26398,1978.0
6379,2003.0
8928,1967.0
1969,1985.0
5046,2002.0
84187,2009.0
32657,1987.0
2709,1999.0
3576,1987.0
65685,2008.0
4990,2001.0
4719,2001.0
1603,1997.0
2450,1986.0
3388,1987.0
1707,1997.0
2084,1992.0
69746,2009.0
72129,2009.0
7811,1998.0
32554,1995.0
72380,2009.0
60609,2006.0
1010,1969.0
405,1994.0
2322,1998.0
52644,2007.0
61262,2008.0
169,1995.0
53435,2007.0
27368,2002.0
60816,2008.0
2531,1973.0
45662,2006.0
4748,1992.0
338,1995.0
66090,2008.0
8666,2004.0
366,1994.0
533,1994.0
3440,1993.0
26403,1977.0
1975,1981.0
3693,1985.0
5504,2002.0
2107,1998.0
56003,2006.0
3864,1999.0
558,1994.0
718,1993.0
3466,1993.0
3054,1998.0
2121,1983.0
5069,2000.0
39307,2005.0
73759,2006.0
48678,2005.0
69606,2009.0
2034,1979.0
3550,1983.0
1681,1997.0
33830,2005.0
5054,1983.0
5804,2002.0
69278,2009.0
58332,2007.0
65868,2008.0
72393,2009.0
48518,2006.0
27441,2000.0
5879,2002.0
2532,1972.0
801,1996.0
64249,2007.0
34321,2005.0
4030,2000.0
6996,1991.0
2789,1978.0
4587,1988.0
7891,1964.0
6624,2003.0
4195,1971.0
4899,2001.0
2315,1998.0
2328,1998.0
5165,1979.0
47952,2006.0
4735,2001.0
66335,2009.0
3708,1984.0
1848,1997.0
7646,2002.0
631,1996.0
60818,2006.0
5127,2002.0
7817,1974.0
47124,2006.0
1971,1988.0
26203,1970.0
27608,2004.0
68941,2009.0
31502,1979.0
565,1993.0
27905,2004.0
4911,1977.0
70208,2009.0
3997,2000.0
8015,1970.0
6243,1999.0
2163,1978.0
72701,2009.0
3799,2000.0
32289,2005.0
4591,1989.0
8831,2004.0
27338,2001.0
4275,1983.0
32825,1984.0
47404,2004.0
4079,1987.0
52712,2007.0
426,1993.0
65882,2009.0
6078,1982.0
51562,1993.0
1592,1997.0
8815,2004.0
7118,1987.0
68959,2005.0
53127,2007.0
5480,2002.0
328,1995.0
48591,2006.0
58975,2008.0
71252,2009.0
72209,2009.0
62970,2007.0
181,1995.0
2275,1998.0
3770,1984.0
4939,1980.0
3936,1943.0
393,1994.0
7369,2004.0
26629,1988.0
7984,1986.0
5102,1993.0
57502,2001.0
26887,1995.0
250,1995.0
43832,2005.0
2120,1993.0
61401,2008.0
45003,2004.0
3973,2000.0
6951,2003.0
59604,2007.0
3889,2000.0
27036,1998.0
47810,2006.0
2043,1959.0
26303,1973.0
73168,2009.0
6803,1985.0
5264,2002.0
27584,2003.0
9005,1993.0
4915,1982.0
8578,2003.0
63826,2008.0
50445,2007.0
5323,2002.0
51927,2007.0
1999,1990.0
1977,1984.0
4492,1986.0
70521,2008.0
742,1996.0
1474,1997.0
6559,1994.0
50162,2007.0
2429,1998.0
2392,1998.0
27032,1998.0
41014,1970.0
4294,1953.0
74089,1960.0
1355,1997.0
3287,2000.0
609,1996.0
36509,2005.0
67186,2009.0
26513,1984.0
2263,1988.0
7845,1996.0
7228,1992.0
26819,1992.0
2787,1985.0
8574,1987.0
829,1996.0
7930,1991.0
5076,1993.0
2399,1985.0
54910,2006.0
60941,2008.0
37495,2004.0
73000,2009.0
31700,2005.0
1346,1982.0
1862,1998.0
8134,2003.0
1972,1989.0
1976,1982.0
2373,1985.0
2377,1985.0
27075,1998.0
59014,2008.0
58972,2008.0
4133,1987.0
50798,2007.0
26925,1996.0
1979,1986.0
4605,1989.0
5099,1937.0
72982,2009.0
1992,1990.0
64116,2008.0
4749,1994.0
26504,1984.0
38294,2005.0
77427,2009.0
9004,1985.0
27792,2003.0
6220,2003.0
1762,1998.0
57534,2008.0
44731,2006.0
1306,1991.0
6040,2003.0
8919,2004.0
92,1996.0
48943,2006.0
5651,1964.0
2613,1984.0
72165,2009.0
70305,2009.0
55955,2007.0
3754,2000.0
27456,2001.0
1995,1986.0
332,1995.0
711,1996.0
879,1997.0
3802,1992.0
27402,2001.0
36533,2005.0
67799,2009.0
3202,1971.0
66783,2009.0
31150,1977.0
2148,1986.0
2448,1999.0
1985,1988.0
4526,1988.0
71484,2009.0
2549,1999.0
6958,2003.0
7319,2004.0
3990,2000.0
611,1996.0
891,1995.0
4645,1997.0
4636,1989.0
2456,1989.0
53326,2006.0
5640,1956.0
6946,2003.0
4686,1993.0
828,1996.0
3843,1983.0
2460,1986.0
2408,1988.0
50800,2007.0
44225,2006.0
8196,1970.0
47264,2006.0
43932,2006.0
69818,2008.0
4789,1974.0
2119,1986.0
6734,1992.0
3919,1992.0
26701,1989.0
8978,2004.0
4794,1987.0
60141,2007.0
6566,2003.0
45361,2005.0
26467,1983.0
66427,2007.0
65588,2008.0
6395,1973.0
2902,1983.0
5891,1978.0
3672,1974.0
177,1995.0
7374,2004.0
53140,2004.0
1011,1974.0
737,1996.0
2800,1992.0
1623,1997.0
43904,2006.0
6583,1989.0
45074,2006.0
27155,1998.0
52806,2006.0
36397,2005.0
46337,2006.0
4626,1989.0
7449,2004.0
7266,2002.0
2876,1994.0
2453,1986.0
7304,1977.0
2634,1959.0
26306,1973.0
31223,2005.0
5523,2002.0
1973,1991.0
4682,1989.0
4812,1986.0
5109,2002.0
72043,2009.0
1984,1982.0
50796,2007.0
3945,2000.0
7561,1988.0
8830,2004.0
5629,2002.0
4618,1989.0
71732,2008.0
7208,1941.0
48543,2005.0
1919,1998.0
32011,2005.0
1978,1985.0
4241,2001.0
62836,2007.0
4697,1982.0
49013,2006.0
3920,1993.0
27618,2005.0
53138,2006.0
7492,1977.0
66317,1992.0
8967,2004.0
1016,1959.0
67867,2009.0
3832,1963.0
62834,2002.0
60516,2008.0
2091,1978.0
27778,2004.0
26743,1991.0
4502,1988.0
2807,1999.0
6703,2003.0
8,1995.0
2026,1998.0
54686,2007.0
842,1996.0
7355,1996.0
1980,1988.0
32728,1976.0
1389,1983.0
3017,1987.0
3587,1980.0
66240,2009.0
55259,2007.0
1986,1989.0
7345,2004.0
6849,1970.0
4850,1998.0
39400,2005.0
1646,1997.0
65601,2009.0
2514,1992.0
49528,2006.0
31431,2005.0
4501,1988.0
4124,1987.0
2555,1999.0
1881,1998.0
4518,1988.0
4683,1989.0
3190,2000.0
4158,2001.0
63239,1997.0
126,1994.0
5999,2000.0
7846,2001.0
2790,1981.0
2430,1949.0
1981,1989.0
59369,2008.0
8376,2004.0
1645,1997.0
70,1996.0
8972,2004.0
7458,2004.0
161,1995.0
2788,1971.0
5481,2002.0
45720,2006.0
471,1994.0
84152,2011.0
2580,1999.0
1918,1998.0
5528,2002.0
63131,2008.0
1257,1985.0
5110,2001.0
47200,2006.0
1047,1996.0
49286,2006.0
53129,2007.0
4448,2001.0
86833,2011.0
1672,1997.0
52458,2007.0
3262,1992.0
7802,1979.0
5400,2002.0
2616,1990.0
6214,2002.0
6503,2003.0
81788,2010.0
84601,2011.0
6370,2002.0
47044,2006.0
59725,2008.0
6764,2003.0
73,1995.0
5009,2001.0
225,1994.0
5666,2002.0
2126,1998.0
3007,1999.0
89118,2011.0
5379,2001.0
4029,2000.0
1057,1996.0
4251,2000.0
4889,2001.0
62344,2008.0
8254,1993.0
5479,2002.0
87234,2010.0
1627,1997.0
6770,2003.0
90249,2011.0
3569,1998.0
1615,1997.0
7348,2004.0
64030,2008.0
40581,2005.0
72405,2009.0
79224,2010.0
4649,2001.0
6567,2001.0
85020,2011.0
26350,1975.0
6436,1993.0
59016,2008.0
55272,2007.0
1689,1997.0
3179,1999.0
47465,2005.0
6216,2001.0
991,1996.0
26939,1996.0
51705,2006.0
1066,1937.0
40959,2005.0
51277,1978.0
81158,2010.0
80862,2010.0
33817,2004.0
2111,1983.0
26974,1997.0
71429,2009.0
63222,2008.0
57147,2007.0
80590,2010.0
85401,2010.0
78266,2009.0
7364,2003.0
70728,2009.0
3760,1977.0
48856,2006.0
8532,2004.0
8959,2004.0
5515,2000.0
999,1996.0
6337,2003.0
1827,1997.0
82527,2010.0
81784,2010.0
4644,2000.0
5809,2002.0
2182,1956.0
90717,2011.0
1034,1996.0
2252,1992.0
4658,1989.0
65465,2008.0
7889,1973.0
5949,2001.0
1541,1997.0
38600,2005.0
390,1965.0
39419,2005.0
71327,2009.0
3747,1999.0
3487,1966.0
6927,2003.0
2195,1998.0
4745,2001.0
6219,2003.0
5888,1997.0
48598,2006.0
7888,1967.0
51418,2006.0
4479,1988.0
4996,2000.0
1083,1965.0
5081,2001.0
86295,2011.0
34326,2005.0
2356,1998.0
45382,2005.0
6329,2001.0
58839,2008.0
1897,1998.0
6162,2002.0
63515,2006.0
6506,2001.0
33451,1976.0
77201,2009.0
25911,1944.0
6335,2002.0
2180,1966.0
1546,1996.0
6332,2003.0
52321,2006.0
2237,1998.0
2879,1991.0
7920,1977.0
32584,2005.0
70849,1962.0
30745,2003.0
58964,2007.0
78116,2010.0
84952,2010.0
156,1995.0
8731,1952.0
7349,2002.0
3127,1999.0
37955,2004.0
46572,2005.0
6279,2002.0
67801,2008.0
30,1995.0
69995,2008.0
66744,2008.0
5465,2001.0
27664,2003.0
80398,2010.0
50517,2006.0
8142,1999.0
56079,2007.0
1454,1997.0
2177,1976.0
40010,2004.0
41136,1978.0
6641,2000.0
1791,1998.0
6573,1972.0
82499,2010.0
8260,1997.0
38384,1944.0
51545,2005.0
6592,2002.0
5241,1980.0
5636,2002.0
80094,2010.0
8367,2003.0
76111,2009.0
47793,2006.0
5423,2000.0
55652,1979.0
43899,2004.0
1417,1996.0
6416,1965.0
380,1994.0
733,1996.0
500,1993.0
344,1994.0
7143,2003.0
2683,1999.0
3948,2000.0
44665,2006.0
1101,1986.0
36529,2005.0
8950,2004.0
7502,2001.0
1485,1997.0
2572,1999.0
104,1996.0
4239,2001.0
1370,1990.0
736,1996.0
2302,1992.0
1777,1998.0
3753,2000.0
4223,2001.0
163,1995.0
3623,2000.0
3916,2000.0
5782,1981.0
3252,1992.0
1552,1997.0
8132,1992.0
349,1994.0
520,1993.0
2001,1989.0
19,1995.0
6188,2003.0
5064,2002.0
141,1996.0
45447,2006.0
2763,1999.0
1608,1997.0
1396,1992.0
3256,1992.0
180,1995.0
1061,1996.0
2424,1998.0
145,1995.0
5630,2002.0
368,1994.0
3020,1993.0
1343,1991.0
4018,2000.0
45728,2006.0
63113,2008.0
370,1994.0
333,1995.0
4734,2001.0
4718,2001.0
1027,1991.0
30825,2004.0
524,1993.0
552,1993.0
3301,2000.0
216,1995.0
3752,2000.0
2694,1999.0
3082,1999.0
2423,1989.0
466,1993.0
2490,1999.0
2002,1992.0
4321,1991.0
4299,2001.0
4489,1988.0
434,1993.0
170,1995.0
4369,2001.0
1441,1993.0
3005,1999.0
1042,1996.0
51935,2007.0
1587,1982.0
95,1996.0
41571,2005.0
58803,2008.0
5103,1993.0
2340,1998.0
31,1995.0
5872,2002.0
102125,2013.0
3555,2000.0
4344,2001.0
2881,1999.0
1020,1993.0
2431,1998.0
3178,1999.0
2723,1999.0
95510,2012.0
93840,2012.0
6879,2003.0
4367,2001.0
2478,1986.0
80549,2010.0
2301,1981.0
3285,2000.0
1378,1988.0
2413,1985.0
5014,2001.0
3247,1992.0
2991,1973.0
64969,2008.0
18,1995.0
1801,1998.0
372,1994.0
3450,1993.0
5152,2002.0
62434,2008.0
2409,1979.0
786,1996.0
3409,2000.0
236,1995.0
3639,1974.0
2335,1998.0
7318,2004.0
168,1995.0
56775,2007.0
6709,2003.0
4023,2000.0
4623,1989.0
4351,1991.0
2378,1984.0
7263,2004.0
68554,2009.0
1687,1997.0
7346,2004.0
6548,2003.0
849,1996.0
112,1995.0
30816,2004.0
3972,1994.0
1586,1997.0
46322,2006.0
2405,1985.0
33437,2005.0
3173,1999.0
2411,1985.0
7317,2004.0
6944,1991.0
3254,1993.0
2410,1982.0
6059,2003.0
62374,2008.0
2840,1999.0
5507,2002.0
3,1995.0
4084,1987.0
27592,2002.0
1792,1998.0
3257,1992.0
2505,1999.0
79293,2010.0
2990,1989.0
4102,1987.0
57528,2008.0
1476,1997.0
5785,2002.0
7004,1990.0
7173,2004.0
80219,2010.0
2792,1982.0
2402,1985.0
481,1993.0
2072,1989.0
54999,2007.0
413,1994.0
78469,2010.0
1620,1997.0
4214,1984.0
1754,1998.0
49651,2006.0
3477,1995.0
303,1995.0
5292,1977.0
4700,2001.0
36519,2005.0
71156,2009.0
3452,2000.0
32029,2005.0
2421,1986.0
47518,2006.0
27731,2002.0
4679,1989.0
3825,2000.0
186,1995.0
97306,2012.0
5449,2002.0
7367,2004.0
51931,2007.0
90405,2011.0
4992,2001.0
50794,2006.0
6156,2003.0
2401,1985.0
1091,1989.0
5146,2000.0
8640,2004.0
5283,2002.0
79695,2010.0
6873,2003.0
2376,1985.0
71838,2009.0
4069,2001.0
76077,2010.0
58103,2008.0
7154,2003.0
42725,2006.0
1100,1990.0
33646,2005.0
95441,2012.0
494,1996.0
6595,2003.0
7570,1983.0
103249,2013.0
3836,1970.0
5151,2002.0
315,1994.0
6586,2003.0
32596,2005.0
1049,1996.0
4238,2001.0
4844,2001.0
1194,1978.0
5055,1993.0
2060,1998.0
3744,2000.0
34534,2005.0
37720,2005.0
1799,1997.0
1438,1997.0
45501,2006.0
6664,1985.0
7007,1991.0
5265,2002.0
5308,1987.0
4678,1989.0
2596,1998.0
26865,1994.0
7439,2004.0
37384,2005.0
383,1994.0
1895,1998.0
31420,2005.0
4558,1988.0
71520,2009.0
26680,1990.0
1268,1990.0
76293,2010.0
46335,2006.0
2950,1980.0
23,1995.0
3066,1970.0
5650,1983.0
6213,2003.0
3861,2000.0
839,1996.0
2567,1999.0
37382,2005.0
2404,1988.0
2432,1998.0
836,1996.0
42002,2005.0
50442,2007.0
3441,1984.0
491,1993.0
1772,1998.0
2379,1985.0
39435,2005.0
68205,2009.0
4994,2001.0
193,1995.0
2325,1997.0
4005,1987.0
2375,1986.0
95875,2012.0
2794,1985.0
2447,1999.0
85510,2011.0
26471,1983.0
4387,2001.0
83613,2011.0
1515,1997.0
79057,2010.0
3999,2000.0
1459,1997.0
67923,2009.0
44397,2006.0
996,1996.0
7573,1983.0
361,1994.0
86644,2011.0
5047,2002.0
1429,1996.0
2922,1968.0
85736,2008.0
2334,1998.0
8908,2004.0
280,1995.0
32291,2004.0
42015,2005.0
3444,1988.0
4052,2001.0
40148,2005.0
26555,1985.0
4155,2001.0
605,1996.0
5247,1977.0
4673,1989.0
87430,2011.0
5420,2002.0
63,1996.0
5303,1990.0
2772,1999.0
2380,1986.0
204,1995.0
3896,2000.0
2387,1998.0
6263,2003.0
8614,1987.0
3688,1982.0
3591,1983.0
43871,2006.0
2433,1998.0
1833,1998.0
4159,2001.0
85412,2010.0
7000,1991.0
39715,2005.0
85131,2011.0
2320,1998.0
45183,2005.0
517,1993.0
2381,1987.0
1556,1997.0
91976,2012.0
91485,2012.0
75985,2010.0
55031,2002.0
7624,1992.0
4444,1972.0
482,1994.0
68659,2008.0
27837,2004.0
4010,1985.0
2382,1988.0
7376,2004.0
5093,2002.0
542,1993.0
89,1995.0
1379,1990.0
6428,1970.0
26444,1981.0
4396,1981.0
4040,1991.0
2889,1999.0
8814,2004.0
4440,1971.0
48520,2006.0
69275,2009.0
74156,2010.0
66785,2008.0
4438,1972.0
96861,2012.0
5524,2002.0
27,1995.0
1769,1998.0
861,1992.0
4945,1976.0
2088,1980.0
57464,2007.0
2504,1999.0
2383,1989.0
81,1995.0
4509,1988.0
96417,2012.0
54787,2007.0
77364,2010.0
662,1996.0
164,1995.0
6722,1992.0
3841,1990.0
72,1995.0
3208,1993.0
2106,1993.0
50792,2006.0
4654,1989.0
5027,1990.0
1425,1997.0
6193,2002.0
3879,2000.0
37853,2005.0
99728,2013.0
26750,1990.0
5478,2002.0
2861,1999.0
3705,1990.0
6482,2003.0
7048,1997.0
7017,1992.0
5611,2002.0
6950,2003.0
4662,1989.0
4066,1988.0
3177,2000.0
7102,1987.0
58627,2008.0
89047,2010.0
93831,2012.0
6977,1991.0
2822,1992.0
42,1995.0
79796,2010.0
423,1994.0
90888,2011.0
1866,1998.0
5553,1987.0
5309,1990.0
798,1996.0
7379,2004.0
47254,2005.0
92008,2011.0
4498,1988.0
4452,2001.0
102686,2013.0
7616,1984.0
62439,2008.0
8591,1984.0
93297,2012.0
7033,1987.0
2249,1990.0
90345,2011.0
8334,1972.0
4770,2001.0
89087,2011.0
1752,1998.0
358,1995.0
8268,1993.0
85022,2011.0
2561,1999.0
2798,1990.0
227,1994.0
4957,1983.0
464,1993.0
89343,2011.0
4614,1989.0
257,1995.0
4042,1960.0
85796,2011.0
82744,2010.0
61394,2008.0
74532,2010.0
5843,1991.0
1401,1996.0
1858,1997.0
33036,1975.0
59429,2007.0
85780,2010.0
6196,2003.0
7258,2004.0
761,1996.0
101739,2013.0
6185,2003.0
7617,1975.0
74452,2010.0
7354,1993.0
64231,2008.0
99910,2013.0
4704,1962.0
99437,2012.0
6582,1985.0
100498,2013.0
4531,1988.0
26322,1974.0
5582,1992.0
59594,2008.0
7782,1993.0
78679,2010.0
6280,2003.0
5096,1994.0
61289,2008.0
81535,2010.0
93563,2012.0
9,1995.0
4415,1981.0
2457,1986.0
3771,1973.0
4224,2001.0
4947,1977.0
4207,1990.0
4104,1987.0
75395,2010.0
3387,1989.0
5438,1990.0
5357,1994.0
6394,1971.0
1498,1997.0
3197,1988.0
4496,1988.0
1447,1997.0
52460,2007.0
80139,2007.0
6723,1993.0
694,1996.0
3145,1999.0
79879,2010.0
5638,1964.0
548,1994.0
5382,1978.0
3394,1987.0
42946,1983.0
4714,1980.0
4215,1987.0
26842,1993.0
7790,1980.0
6424,1991.0
79684,2009.0
7307,1985.0
88932,2011.0
4203,1991.0
1018,1965.0
4265,2001.0
4401,1963.0
544,1993.0
479,1993.0
4709,1969.0
6812,1990.0
2806,1999.0
82095,2010.0
688,1995.0
5361,1991.0
4767,1955.0
36850,1988.0
4756,2001.0
85259,1966.0
26181,1967.0
84942,2011.0
3946,2000.0
60832,2008.0
27922,1998.0
70361,2009.0
2815,1986.0
8534,2004.0
88345,2002.0
33463,1990.0
85316,1974.0
48059,1969.0
77798,2010.0
100108,2013.0
4929,1982.0
4589,1983.0
6067,2000.0
83374,2010.0
7259,2004.0
4771,2001.0
5927,1982.0
4442,1985.0
27619,2004.0
5246,1980.0
8529,2004.0
1693,1997.0
6893,1969.0
52245,2007.0
3298,2000.0
5319,2000.0
4616,1989.0
376,1994.0
719,1996.0
2745,1986.0
47644,2006.0
3812,1972.0
4621,1989.0
8866,2004.0
1963,1969.0
94,1996.0
14,1995.0
8033,1966.0
4866,2001.0
26528,1985.0
27397,2000.0
4383,2000.0
45726,2006.0
68194,2009.0
65135,1988.0
3513,2000.0
1290,1987.0
3339,1977.0
3594,2000.0
61986,2008.0
3270,1992.0
3618,2000.0
2205,1941.0
4091,1987.0
1840,1998.0
8010,1992.0
1488,1997.0
34552,2005.0
74152,2006.0
26294,1973.0
7217,1947.0
27408,2002.0
7003,1991.0
25826,1936.0
5607,2001.0
7122,1966.0
6244,1988.0
2563,1998.0
2372,1989.0
3720,1999.0
31528,1939.0
48161,2006.0
51357,1995.0
50064,2006.0
5653,1966.0
5732,1981.0
3614,1992.0
490,1993.0
1150,1982.0
26249,1971.0
4393,1988.0
3519,1978.0
4466,1988.0
371,1994.0
27109,1973.0
2261,1986.0
55895,1955.0
3769,1974.0
2185,1953.0
49412,1939.0
6345,1985.0
26413,1978.0
27802,2003.0
6422,1965.0
8795,2001.0
7899,1975.0
49688,1955.0
2187,1950.0
6387,1991.0
27432,2004.0
4409,1991.0
5721,1981.0
3045,1992.0
62803,1972.0
7581,1949.0
7093,1974.0
44100,1950.0
8190,1964.0
26464,1983.0
26770,1992.0
4690,1984.0
4772,2000.0
2682,1999.0
6454,1989.0
6478,1972.0
26812,1993.0
5447,2002.0
8805,1999.0
5497,1965.0
2280,1998.0
53919,1939.0
8732,1987.0
7250,1970.0
8056,1966.0
26170,1968.0
6519,1977.0
2829,1999.0
26614,1988.0
8910,2004.0
94959,2012.0
4019,2000.0
104841,2013.0
91542,2011.0
97921,2012.0
106782,2013.0
2707,1999.0
5608,2001.0
91077,2011.0
64034,2008.0
77658,1980.0
68073,2009.0
98154,2012.0
53318,2006.0
1873,1998.0
678,1993.0
97923,2012.0
6663,1976.0
6461,1960.0
95088,2012.0
94070,2011.0
47491,2005.0
100714,2013.0
2618,1997.0
72554,2009.0
8012,1999.0
106766,2013.0
69849,1977.0
3079,1999.0
77846,1997.0
613,1996.0
7505,1994.0
760,1993.0
93040,1990.0
32840,1982.0
7216,1941.0
108583,1975.0
2585,1998.0
95858,2000.0
33312,1929.0
4470,1988.0
82143,2004.0
5404,1987.0
8191,1969.0
8982,2003.0
27033,1997.0
65612,1986.0
42163,1979.0
26810,1993.0
6357,1956.0
105954,2013.0
85394,2010.0
4500,1988.0
8485,2001.0
77854,2003.0
6041,2002.0
6368,2002.0
42900,1966.0
95654,1997.0
4555,1988.0
48165,1989.0
3096,1957.0
84273,2011.0
81731,2010.0
74791,2009.0
51127,2006.0
32562,2003.0
8999,1976.0
58554,2007.0
101106,2013.0
8755,1999.0
39768,2004.0
26616,1987.0
3717,2000.0
3510,2000.0
805,1996.0
1093,1991.0
543,1993.0
3186,1999.0
350,1994.0
6104,1982.0
6187,2003.0
3980,2000.0
4161,2001.0
4954,1960.0
4880,2001.0
4728,2001.0
39444,2005.0
52319,1978.0
1892,1998.0
1483,1996.0
31225,2005.0
51091,2006.0
42011,2005.0
3893,2000.0
5108,2002.0
2025,1997.0
46967,2006.0
5955,2002.0
27674,2003.0
4974,2001.0
73266,2009.0
7618,1992.0
2718,1999.0
81537,2010.0
2296,1998.0
39427,2005.0
7366,2004.0
7773,2002.0
1616,1997.0
40614,2005.0
3512,2000.0
637,1996.0
30846,2004.0
6322,2003.0
3053,1999.0
7161,2003.0
3992,2000.0
6223,2001.0
78218,2010.0
78349,2009.0
5421,2002.0
5074,2001.0
2691,1998.0
4450,2001.0
4951,1990.0
2390,1998.0
7382,2003.0
58301,2007.0
3484,2000.0
26,1995.0
5298,2001.0
6163,2002.0
53189,2007.0
4640,2000.0
7377,2003.0
26386,1977.0
851,1996.0
1658,1997.0
5137,2001.0
4815,2001.0
5685,2002.0
7150,2003.0
2282,1998.0
782,1996.0
347,1992.0
1487,1997.0
4478,1988.0
7541,2000.0
3525,1984.0
86,1996.0
3185,1999.0
69140,2006.0
6868,2003.0
3554,2000.0
51037,2006.0
27391,2002.0
58078,2007.0
57353,2007.0
6159,2003.0
33893,2004.0
6598,2002.0
8862,2004.0
6710,2002.0
6750,2003.0
2443,1998.0
6288,2002.0
365,1993.0
8918,2004.0
4248,2001.0
3915,2000.0
1480,1997.0
2883,1999.0
8955,2004.0
6341,2003.0
6816,1987.0
41724,2005.0
4646,2000.0
818,1996.0
7199,2003.0
6327,2003.0
7030,1992.0
77843,2009.0
2907,1999.0
2558,1999.0
2583,1999.0
4774,2002.0
4146,2001.0
848,1996.0
7620,1992.0
27491,2001.0
27828,2003.0
27022,1998.0
2166,1998.0
5095,2001.0
1007,1975.0
3858,2000.0
5134,2001.0
4765,2001.0
2639,1981.0
50447,2006.0
47394,2006.0
26491,1983.0
3943,2000.0
567,1993.0
1631,1997.0
1484,1996.0
4808,1993.0
57,1995.0
3892,2000.0
7933,1946.0
117,1995.0
74370,2009.0
2169,1998.0
6991,1984.0
80928,2010.0
48883,2006.0
43419,2006.0
6614,1990.0
27689,2004.0
893,1996.0
2170,1998.0
4373,2001.0
3564,2000.0
6885,2003.0
3078,1999.0
31807,2003.0
5080,2002.0
2727,1955.0
3502,1993.0
4153,2001.0
7340,1985.0
2725,1999.0
6374,2003.0
6012,2003.0
78,1995.0
3115,1999.0
8956,2004.0
6948,2003.0
3130,1990.0
36477,2005.0
81516,2010.0
449,1994.0
2374,1986.0
7753,1999.0
2435,1998.0
26875,1994.0
3055,1999.0
7019,1987.0
58223,2005.0
4585,1989.0
55020,2007.0
4898,2001.0
3557,1992.0
74740,2007.0
82041,2009.0
8533,2004.0
4816,2001.0
4025,2000.0
4901,2001.0
2539,1999.0
266,1994.0
3617,2000.0
2605,1999.0
111759,2014.0
277,1994.0
54190,2007.0
802,1996.0
56587,2007.0
1619,1997.0
6287,2003.0
56949,2008.0
64716,2008.0
1513,1997.0
147,1995.0
2724,1999.0
37731,2005.0
4823,2001.0
106916,2013.0
69406,2009.0
420,1994.0
60126,2008.0
7151,2003.0
282,1994.0
3534,2000.0
7285,2003.0
5,1995.0
104879,2013.0
56941,2007.0
8530,2004.0
88,1996.0
101864,2013.0
2688,1999.0
8969,2004.0
86880,2011.0
92420,2012.0
73323,2009.0
1753,1998.0
5380,2002.0
94777,2012.0
252,1994.0
765,1996.0
55872,2007.0
77866,2010.0
79592,2010.0
106918,2013.0
1735,1998.0
74324,2010.0
96811,2012.0
65230,2008.0
1665,1997.0
8596,1978.0
85881,2011.0
3259,1992.0
99149,2012.0
58154,2008.0
2269,1993.0
4677,1989.0
103341,2013.0
6367,2003.0
47640,2006.0
58162,2007.0
30850,2004.0
102407,2013.0
103980,2013.0
87520,2011.0
88405,2011.0
80693,2010.0
3261,1992.0
48412,2006.0
44004,2006.0
2146,1985.0
8948,2004.0
5900,2002.0
62293,2008.0
71466,2009.0
73015,2009.0
101525,2012.0
65,1996.0
762,1996.0
49130,2006.0
82167,2010.0
1727,1998.0
49793,2006.0
4487,1988.0
102993,2013.0
34336,2005.0
80126,2010.0
118696,2014.0
30848,2004.0
83349,2011.0
39869,2005.0
42728,2006.0
59258,2008.0
49280,2006.0
8582,1992.0
47970,2006.0
45062,2006.0
5016,2001.0
96728,2012.0
99007,2013.0
3243,1992.0
89039,2011.0
85788,2010.0
3952,2000.0
62113,2008.0
2236,1998.0
95873,2012.0
54276,2007.0
70567,2009.0
20,1995.0
2151,1989.0
33138,2004.0
94677,2012.0
80839,2010.0
8836,2004.0
2416,1986.0
79428,2010.0
8943,2004.0
43836,2006.0
56389,2007.0
42007,2005.0
91653,2011.0
45440,2006.0
80860,2010.0
89085,2011.0
55245,2007.0
58156,2008.0
85367,2011.0
65585,2009.0
8800,2003.0
94780,2012.0
27816,2003.0
74450,2010.0
48560,2006.0
52694,2007.0
2497,1999.0
91126,2011.0
5107,2002.0
47950,2006.0
77837,2010.0
78316,2010.0
95309,2012.0
6768,2003.0
74624,2009.0
540,1993.0
72741,2009.0
27871,2004.0
55732,2007.0
55286,2007.0
81512,2010.0
70862,2008.0
80166,2010.0
8915,2004.0
8809,2003.0
47725,2005.0
51088,2007.0
111622,2013.0
83976,2010.0
61250,2008.0
75813,2009.0
93740,2011.0
7701,1990.0
69436,2009.0
65596,2008.0
2676,1999.0
91325,2011.0
34164,2005.0
5506,2002.0
4727,2001.0
97870,2012.0
107348,2013.0
7352,2002.0
103539,2013.0
87298,2010.0
93512,2012.0
91974,2012.0
48326,2006.0
105211,2013.0
33826,2004.0
74688,2010.0
892,1996.0
71668,2009.0
101088,2013.0
70984,2009.0
57526,2008.0
91978,2012.0
94266,2012.0
2862,1979.0
110882,2013.0
90719,2011.0
31114,2004.0
76079,2009.0
7440,2004.0
86628,2011.0
101741,2013.0
5994,2002.0
103048,2013.0
82534,2010.0
33358,2003.0
886,1996.0
91079,2011.0
54732,2007.0
3528,1991.0
6884,2003.0
74488,2009.0
48416,2006.0
6222,2001.0
79073,2009.0
276,1994.0
6215,2002.0
64032,2008.0
5625,2002.0
65802,2009.0
3251,1985.0
96751,2012.0
122,1992.0
3824,2000.0
48262,2006.0
97936,2012.0
80864,2010.0
77328,2009.0
73929,2010.0
93270,2012.0
85397,2011.0
86293,2011.0
65037,2007.0
100,1996.0
46772,2005.0
48342,2005.0
6545,2003.0
77330,2009.0
7227,1966.0
6997,1992.0
99117,2012.0
80939,2010.0
105593,2013.0
109895,2013.0
3051,1999.0
88950,2010.0
55278,2007.0
43914,2005.0
76054,2009.0
100244,2013.0
90645,2011.0
38538,2004.0
1390,1996.0
77359,2009.0
70344,2009.0
47261,2006.0
93766,2012.0
2882,1999.0
95307,2012.0
8813,2004.0
49666,2006.0
100487,2013.0
62577,2008.0
95135,2011.0
41769,2005.0
100390,2013.0
54094,2006.0
103075,2013.0
53988,2007.0
31867,2005.0
96314,2012.0
89190,2011.0
83293,2010.0
5817,2002.0
82053,2010.0
518,1994.0
2961,1999.0
60939,2008.0
56001,2007.0
436,1994.0
83302,2010.0
88954,2011.0
191,1995.0
2799,1991.0
56671,2007.0
2996,1999.0
99750,2012.0
104881,2013.0
90914,2011.0
82152,2011.0
112421,2014.0
4595,1989.0
72228,2009.0
67223,2008.0
70687,2009.0
3120,1992.0
78774,2009.0
3553,2000.0
62137,2008.0
113829,2014.0
409,1994.0
4031,2000.0
91323,2011.0
71325,2009.0
91571,2011.0
94953,2012.0
84242,2010.0
339,1995.0
4701,2001.0
7149,2003.0
7347,2004.0
55830,2008.0
51084,2007.0
3155,1999.0
7155,2003.0
2598,1999.0
42197,2005.0
7060,1973.0
7572,2001.0
1457,1997.0
2414,1985.0
6266,2003.0
6832,1991.0
7362,2004.0
27020,1998.0
3985,1976.0
351,1994.0
79,1996.0
7101,1991.0
31162,2004.0
84847,2009.0
1422,1997.0
289,1994.0
2290,1980.0
7395,1950.0
27373,2001.0
7714,1967.0
6100,1982.0
2442,1998.0
31903,2003.0
7781,1990.0
537,1994.0
2875,1993.0
5111,1993.0
4628,1989.0
1821,1998.0
6584,1966.0
89030,2011.0
218,1995.0
766,1996.0
5472,1972.0
1399,1996.0
3529,1981.0
25971,1952.0
2891,1999.0
4392,1990.0
3230,1974.0
5450,2001.0
2520,1970.0
43677,1995.0
6992,1994.0
4562,1988.0
3712,1991.0
195,1995.0
804,1996.0
6201,1986.0
4080,1987.0
6961,1992.0
26745,1991.0
26562,1985.0
26395,1978.0
4126,1987.0
6850,1992.0
7179,1992.0
2736,1986.0
5372,1953.0
26782,1992.0
6265,2003.0
26695,1990.0
3206,1984.0
8365,2003.0
40973,1978.0
185,1995.0
7325,2004.0
27815,2004.0
2485,1999.0
4958,2001.0
5957,2002.0
3968,2000.0
2496,1999.0
7324,2004.0
585,1995.0
49396,2006.0
2805,1999.0
6765,2003.0
743,1996.0
203,1995.0
3146,1999.0
60753,2008.0
5025,2002.0
69604,2009.0
5313,2002.0
74275,2009.0
70183,2009.0
2042,1994.0
47382,2006.0
4247,2001.0
8968,2004.0
37739,2005.0
58490,2008.0
42730,2006.0
4149,2001.0
1431,1997.0
2860,1999.0
74948,2009.0
74946,2010.0
7381,2004.0
44929,2006.0
4228,2001.0
4167,2001.0
74851,2010.0
6006,2003.0
4372,2001.0
31435,2004.0
59985,2007.0
78160,2003.0
76210,2009.0
33725,2004.0
3761,1993.0
3316,2000.0
4757,2001.0
44197,2006.0
4732,2001.0
5220,2002.0
5803,2002.0
38388,2005.0
52606,2006.0
8121,2003.0
2188,1998.0
516,1994.0
38992,2005.0
78162,2004.0
3515,2000.0
1503,1997.0
78544,2007.0
5873,2002.0
61255,2008.0
33819,2004.0
67620,2008.0
45506,2005.0
62799,2008.0
5678,2001.0
61705,2008.0
8495,2000.0
72176,2009.0
55288,2007.0
79946,2009.0
6002,2002.0
58622,2007.0
27555,2002.0
61167,2008.0
72169,2009.0
8730,2001.0
3955,2000.0
72694,2009.0
60128,2007.0
31445,2004.0
1442,1997.0
2836,1999.0
2587,1999.0
34540,2005.0
33750,2004.0
4900,2001.0
6484,2003.0
3324,2000.0
71691,2008.0
7294,2004.0
5563,2002.0
68749,2008.0
74573,2009.0
70032,2008.0
414,1994.0
2581,1999.0
93510,2012.0
95167,2012.0
89774,2011.0
91535,2012.0
100383,2013.0
96588,2012.0
93363,2012.0
106642,2013.0
103688,2013.0
63033,2008.0
105197,2013.0
3831,2000.0
6535,2003.0
34523,2005.0
96281,2012.0
237,1995.0
109578,2014.0
94896,2011.0
96432,2012.0
33779,1999.0
5633,2002.0
5796,1967.0
8833,2004.0
103372,2013.0
102716,2013.0
95311,2008.0
97860,2012.0
81417,2010.0
2607,1998.0
97172,2012.0
4285,1991.0
95761,2011.0
101285,2013.0
81817,2010.0
83086,2010.0
550,1994.0
95449,2012.0
94833,2012.0
83803,2010.0
5780,1981.0
96150,2012.0
3599,1945.0
80241,2010.0
91233,2006.0
95313,2005.0
8695,1947.0
108729,2013.0
102819,2013.0
69516,2009.0
95377,2005.0
91414,2011.0
4055,2000.0
96121,2012.0
78517,2010.0
91690,2011.0
81786,2010.0
6060,2002.0
101360,2013.0
103137,2013.0
108983,2011.0
85025,2011.0
26391,1977.0
94015,2012.0
27006,1999.0
90947,2011.0
7442,2003.0
98361,2012.0
171,1995.0
3794,2000.0
60007,1996.0
4313,2000.0
2570,1999.0
109740,2014.0
4447,2001.0
6155,2003.0
8493,1990.0
39231,2005.0
8581,1999.0
2942,1983.0
8604,1998.0
5668,2002.0
54256,2007.0
1499,1997.0
4255,2001.0
5401,2002.0
6238,1990.0
2759,1999.0
2476,1986.0
7297,2003.0
6658,1979.0
8905,1992.0
3219,1990.0
7562,1997.0
3235,1980.0
427,1993.0
8426,1987.0
31685,2005.0
109487,2014.0
7,1995.0
104913,2013.0
5066,2002.0
6564,2003.0
103253,2013.0
3978,2000.0
96737,2012.0
3581,1999.0
33672,2005.0
99112,2012.0
103772,2013.0
32019,2005.0
6887,2003.0
115210,2014.0
104241,2013.0
107069,2013.0
4381,2001.0
34536,2005.0
6005,2003.0
781,1996.0
4867,2001.0
115149,2014.0
87876,2011.0
114662,2014.0
112171,2014.0
85354,2008.0
48319,2006.0
8362,2004.0
8045,1987.0
62792,2008.0
49312,2006.0
108945,2014.0
83219,2007.0
70451,2008.0
78729,2008.0
6166,1993.0
7169,2004.0
76738,2010.0
113573,2014.0
93443,2011.0
119145,2015
6441,1969.0
44943,2002.0
57401,2007.0
8512,1976.0
77629,2010.0
42958,2005.0
1755,1997.0
74,1996.0
77833,2010.0
41025,2004.0
4599,1989.0
49524,2006.0
69654,2009.0
4743,2001.0
79006,2004.0
5425,2001.0
65939,1997.0
473,1994.0
26560,1985.0
48825,2005.0
112897,2014.0
1006,1996.0
7789,2002.0
38824,2005.0
44317,1995.0
44058,2005.0
5620,2002.0
830,1996.0
51086,2007.0
135,1996.0
1911,1998.0
1894,1998.0
59022,2008.0
59900,2008.0
54004,2007.0
207,1995.0
267,1995.0
6550,2003.0
8916,2004.0
8643,2004.0
63479,2008.0
31433,2005.0
5296,2002.0
3646,2000.0
4814,2001.0
32017,2005.0
419,1993.0
57951,2008.0
79134,2010.0
5621,2002.0
3821,2000.0
157,1995.0
49314,2006.0
61697,2008.0
44840,2006.0
4699,2001.0
54775,2007.0
6763,2003.0
75805,2010.0
6619,2003.0
7104,1979.0
4989,2001.0
7255,2004.0
4340,2001.0
2771,1999.0
42013,2005.0
5414,2002.0
5363,2002.0
4368,2001.0
4916,1976.0
3616,2000.0
5282,2002.0
6014,2003.0
5568,1984.0
6800,1986.0
6886,2003.0
8884,1985.0
6999,1992.0
5692,1972.0
58315,2008.0
57532,2008.0
32009,2005.0
77206,2010.0
55241,2007.0
7372,2003.0
8872,2004.0
77667,2010.0
6022,1992.0
31422,2005.0
50806,2007.0
4613,1989.0
569,1994.0
5874,2002.0
1887,1998.0
39398,2004.0
8799,2004.0
52227,2006.0
5612,2002.0
49276,2006.0
5665,2002.0
5947,2002.0
6558,1991.0
49526,2006.0
6013,2003.0
2027,1998.0
3718,1999.0
97913,2012.0
86345,2010.0
104374,2013.0
66203,2009.0
102903,2013.0
9010,2003.0
3786,1999.0
81782,2010.0
88235,2011.0
5943,2002.0
49284,2006.0
27523,2001.0
62553,2008.0
81641,2010.0
26947,1996.0
98491,2012.0
60408,2008.0
53883,2004.0
6268,2002.0
3987,2000.0
43684,2006.0
56908,2007.0
6732,1969.0
27178,2000.0
73101,2009.0
78034,2010.0
74944,2010.0
8575,2001.0
71823,2009.0
104339,2013.0
617,1995.0
53002,2007.0
94931,2011.0
4981,1986.0
1593,1997.0
27851,2004.0
27768,2004.0
4849,2001.0
6382,2002.0
34811,2004.0
43897,2004.0
33487,2004.0
100527,2013.0
97393,2012.0
92475,2011.0
77233,2007.0
6119,1982.0
4300,2000.0
33126,1979.0
52929,2006.0
66762,2008.0
4347,2000.0
99468,2012.0
82589,2009.0
1099,1938.0
4733,2001.0
26085,1962.0
7833,1941.0
5680,2002.0
6678,1990.0
5981,1962.0
4188,1952.0
4711,1993.0
835,1996.0
112552,2014.0
112138,2014.0
111360,2014.0
111364,2014.0
111113,2014.0
116161,2014.0
105468,2013.0
117881,2014.0
224,1995.0
4639,2001.0
27416,2000.0
26007,1955.0
8576,2003.0
7299,2003.0
46347,2005.0
74677,2009.0
7915,1998.0
3538,1999.0
5646,1989.0
7976,2002.0
7450,2004.0
5526,2000.0
5348,2002.0
31785,2005.0
7809,1999.0
2962,1997.0
4312,1999.0
4267,2001.0
32300,2004.0
42351,1984.0
7037,1991.0
7085,1964.0
2704,1991.0
6252,2003.0
48231,2006.0
40586,1985.0
27216,1988.0
4273,2000.0
4064,1973.0
27671,2002.0
26237,1970.0
72714,2006.0
49856,2006.0
53906,2004.0
26688,1990.0
92535,2011.0
60397,2008.0
103141,2013.0
94466,2011.0
115569,2014.0
106002,2013.0
73881,2009.0
108190,2014.0
104211,2013.0
111659,2014.0
8808,2004.0
110501,2014.0
4231,2001.0
32456,1994.0
7124,1999.0
4132,1987.0
33495,2005.0
93272,2012.0
8291,1965.0
166,1995.0
95583,2012.0
4317,1992.0
4305,2001.0
4563,1988.0
64114,2008.0
3906,2000.0
4168,2001.0
5451,2002.0
3046,1995.0
93265,2011.0
3063,1992.0
41617,2005.0
3835,1993.0
74787,2010.0
5485,2002.0
4068,2001.0
108548,2007.0
6383,2003.0
468,1995.0
56156,2007.0
62049,1956.0
54648,2007.0
51575,2007.0
8531,2004.0
31221,2005.0
34520,2005.0
48593,2006.0
33158,2005.0
50802,2007.0
52668,2007.0
45208,2006.0
54780,2007.0
55261,2007.0
51660,2006.0
45503,2006.0
51174,2006.0
43558,2006.0
55250,2007.0
52717,2007.0
26479,1983.0
6686,2003.0
48711,2006.0
3004,1999.0
40574,2005.0
37477,2005.0
51903,2007.0
1363,1996.0
50158,2007.0
86548,2011.0
45175,2005.0
69524,1989.0
91890,2011.0
87194,2010.0
112940,2014.0
73860,2009.0
95939,2012.0
58706,2007.0
33621,2004.0
31408,2004.0
94150,2011.0
5011,2001.0
99220,2012.0
102792,2012.0
68444,2008.0
93805,2012.0
68536,2001.0
97866,2012.0
27857,2004.0
59026,2007.0
92422,2012.0
97188,2012.0
110127,2014.0
91842,2012.0
101973,2012.0
46156,2005.0
3746,1999.0
84775,2010.0
63189,2008.0
61646,2006.0
47446,2005.0
79251,2010.0
26347,1975.0
73681,2009.0
38701,2005.0
33592,2001.0
98017,2012.0
27744,2003.0
5068,2001.0
5503,2001.0
62081,2008.0
78105,2010.0
59421,2008.0
84374,2011.0
82202,2010.0
79553,2010.0
33145,2005.0
92507,2012.0
110553,2014.0
111443,2014.0
53207,2008.0
85056,2011.0
69712,2009.0
32298,2005.0
43652,2005.0
103810,2013.0
68486,2009.0
450,1994.0
103384,2013.0
104243,2013.0
93326,2012.0
101362,2013.0
61465,2008.0
88785,2011.0
103883,2013.0
66385,2009.0
140,1996.0
52456,2007.0
108188,2014.0
59256,2008.0
90403,2011.0
43556,2006.0
26870,1994.0
7026,1987.0
408,1994.0
4067,1993.0
52448,2006.0
95567,2012.0
54612,2007.0
68552,2009.0
66544,2000.0
95720,2012.0
6517,1992.0
71902,2009.0
71550,2008.0
84950,2011.0
96567,2012.0
96857,2012.0
4141,2001.0
86377,2007.0
86347,2008.0
58376,2007.0
71131,2007.0
65225,2008.0
5670,2002.0
56012,2006.0
79318,2009.0
57980,2006.0
4863,1975.0
6864,2003.0
47634,2004.0
64229,2008.0
65810,2009.0
6784,1976.0
8651,1972.0
81910,2009.0
6430,1973.0
58992,2007.0
3979,2000.0
102123,2013.0
86835,2011.0
103235,2013.0
103306,2013.0
87529,2011.0
106491,2013.0
305,1994.0
77540,2009.0
8119,1986.0
103606,2012.0
54075,2007.0
5610,2002.0
88127,2011.0
57972,2006.0
93475,2011.0
26736,1991.0
104069,2013.0
84615,2011.0
90603,2011.0
6375,2002.0
26760,1991.0
33675,2003.0
27884,2004.0
96467,2012.0
90943,2011.0
1056,1996.0
32203,1971.0
79824,2010.0
4888,2001.0
83369,2010.0
6493,2003.0
7448,2004.0
6077,1982.0
96693,2012.0
26199,1969.0
700,1995.0
92920,2011.0
66156,2008.0
61,1996.0
26324,1974.0
5915,1981.0
34198,2005.0
27376,2001.0
74282,1987.0
5092,2002.0
27073,1999.0
85213,2011.0
59440,2006.0
7456,2002.0
85007,2010.0
7306,2000.0
51372,1998.0
26271,1972.0
64993,2007.0
69529,2009.0
60904,1988.0
42422,2003.0
51063,2006.0
73392,2009.0
5767,1981.0
117176,2014.0
114180,2014.0
114935,2014.0
1461,1997.0
93855,2011.0
59143,2007.0
56169,2007.0
119141,2014.0
27866,2004.0
110586,2014.0
113275,2014.0
84716,2009.0
33585,2004.0
115231,2014.0
118900,2014.0
115170,2014.0
115122,2014.0
89074,2011.0
96612,2012.0
118700,2014.0
114060,2014.0
116799,2014.0
47830,2005.0
105835,2013.0
33136,2004.0
71910,2009.0
106062,2013.0
99813,2013.0
98124,2012.0
32460,1997.0
8117,1999.0
6300,2000.0
108979,1998.0
2483,1995.0
113741,2013.0
89780,2010.0
88118,2010.0
89090,2011.0
32196,1989.0
74754,2003.0
74541,2009.0
89629,2010.0
60566,2007.0
27351,2000.0
33421,2005.0
77191,2010.0
93790,2011.0
117533,2014.0
27797,2003.0
5896,1999.0
71928,2009.0
93422,2011.0
79588,2010.0
3565,2000.0
1888,1998.0
5415,2002.0
68945,1997.0
6212,2003.0
15,1995.0
46,1995.0
2888,1999.0
2978,1999.0
7316,2004.0
5387,2002.0
4458,1994.0
1453,1997.0
1629,1997.0
691,1996.0
4169,2001.0
4474,1988.0
1014,1960.0
4664,1989.0
8499,1978.0
68135,2009.0
79139,2010.0
80363,2010.0
87485,2011.0
94478,2012.0
110730,2014.0
89840,2011.0
80846,2010.0
88812,2011.0
94018,2012.0
96110,2012.0
109673,2014.0
95543,2012.0
95207,2012.0
108928,2014.0
82852,2010.0
78041,2010.0
94985,2012.0
81804,2010.0
69069,2009.0
87522,2011.0
84395,2011.0
90576,2011.0
90522,2011.0
87079,2010.0
76030,2009.0
79860,2010.0
73608,1972.0
112370,2014.0
68963,2008.0
86815,2011.0
93982,2012.0
75983,2008.0
489,1993.0
90738,2011.0
82244,2010.0
84613,2011.0
2471,1988.0
78772,2010.0
5942,2002.0
91104,2011.0
105653,2013.0
98203,2012.0
103659,2013.0
5255,2002.0
1609,1997.0
44193,2006.0
3248,1993.0
6811,1994.0
2153,1998.0
6464,1997.0
6687,2003.0
103801,2013.0
875,1994.0
102880,2013.0
45106,2006.0
6679,2001.0
7193,1990.0
99912,2013.0
4862,1991.0
640,1996.0
3707,1986.0
59333,2008.0
80615,2010.0
42732,2006.0
101142,2013.0
30818,2004.0
60948,2008.0
6683,1996.0
2051,1977.0
2436,1999.0
2609,1996.0
65133,1999.0
80748,1933.0
53578,2006.0
6480,1967.0
46865,2006.0
26198,1968.0
78174,2010.0
1353,1996.0
5836,1958.0
95201,2012.0
39449,2005.0
47122,2006.0
75341,2010.0
7375,2004.0
106441,2013.0
88179,2011.0
80586,2010.0
78703,2009.0
8869,2004.0
81383,2010.0
55255,2007.0
97328,2012.0
70643,2009.0
74530,2010.0
32296,2005.0
101112,2013.0
97225,2012.0
102481,2013.0
62265,2009.0
74154,2010.0
5324,2002.0
69253,2009.0
59404,2007.0
93287,2011.0
109846,2014.0
113225,2014.0
53466,2007.0
54328,2006.0
1760,1997.0
102033,2013.0
98122,2012.0
4834,1980.0
66798,2009.0
48032,2005.0
521,1993.0
78893,2010.0
58655,2008.0
84637,2011.0
104078,2013.0
27478,2002.0
2468,1986.0
97168,2012.0
4439,1981.0
95105,2012.0
103339,2013.0
101025,2013.0
94405,2012.0
100163,2013.0
96691,2012.0
111743,2014.0
83480,2011.0
67252,2008.0
114795,2014.0
8131,2001.0
80551,2010.0
86817,2011.0
92694,2011.0
62394,2008.0
108727,2013.0
108981,2013.0
7843,2001.0
53974,2007.0
74868,2009.0
90469,2011.0
6794,1993.0
26999,1998.0
77795,2009.0
100745,2013.0
83506,2010.0
82378,2010.0
104908,2013.0
502,1994.0
106330,2013.0
104303,2013.0
2721,1999.0
4254,2001.0
2506,1999.0
3268,1992.0
5969,1994.0
2036,1994.0
4676,1989.0
3392,1989.0
59709,2007.0
43908,2005.0
6186,2003.0
66691,2009.0
101577,2013.0
82093,2010.0
43930,2006.0
74727,1972.0
89305,2011.0
27434,2002.0
469,1993.0
40962,2005.0
7142,2003.0
4,1995.0
56846,2007.0
71460,2009.0
31123,2003.0
7884,1991.0
2765,1998.0
51937,2007.0
8387,1994.0
83798,2009.0
33499,2005.0
8221,1994.0
50954,2006.0
72919,2009.0
79590,2009.0
90524,2011.0
6702,2003.0
73319,2010.0
42009,2005.0
54734,2007.0
77414,2010.0
71670,2009.0
6508,2001.0
67788,2009.0
33815,2005.0
46653,1962.0
110771,2014.0
34530,2005.0
43919,2006.0
1475,1996.0
112804,2014.0
27636,2003.0
32302,2004.0
102720,2013.0
7320,2004.0
8912,2004.0
8911,2004.0
44759,2006.0
27193,2000.0
65142,2008.0
58107,2008.0
46062,2006.0
61123,2007.0
80222,2010.0
91628,2011.0
50003,2006.0
50189,2006.0
88515,2011.0
92509,2012.0
70334,2009.0
1430,1996.0
100302,2012.0
113378,2014.0
62718,2008.0
65193,2008.0
4219,1985.0
73106,2009.0
109850,2014.0
8605,2003.0
3689,1983.0
8130,1999.0
